{"stats":{"minecraft:broken":{"mowziesmobs:umvuthana_mask_fear":1,"minecraft:stone_sword":1},"minecraft:killed_by":{"undead_revamp2:sucker":1,"undead_revamp2:the_moonflower":2,"minecraft:spider":1,"born_in_chaos_v1:diamond_termite":1,"minecraft:skeleton":1,"minecraft:zombie":1,"enemyexpansion:direwolf":1},"minecraft:used":{"minecraft:stone_sword":182,"mowziesmobs:umvuthana_mask_fear":1,"minecraft:shield":9,"minecraft:iron_sword":70,"minecraft:cooked_chicken":6,"minecraft:iron_chestplate":1,"minecraft:torch":7,"minecraft:dirt":2,"minecraft:wooden_axe":32,"minecraft:iron_helmet":1,"minecraft:furnace":11,"tombstone:gift":2,"minecraft:cooked_beef":9,"minecraft:cobbled_deepslate":18,"minecraft:acacia_planks":6,"minecraft:cooked_mutton":7,"minecraft:stone_pickaxe":77,"minecraft:wooden_pickaxe":31,"minecraft:white_wool":5,"minecraft:crafting_table":11,"minecraft:iron_pickaxe":109,"ecologics:coconut_slice":1,"minecraft:stone_axe":3,"minecraft:cobblestone":45,"naturalist:cooked_duck":5,"minecraft:cooked_rabbit":1,"alexsmobs:animal_dictionary":1},"minecraft:picked_up":{"luminousworld:groundpebbles_1":2,"minecraft:crafting_table":11,"minecraft:coarse_dirt":1,"minecraft:chicken":8,"minecraft:chest_minecart":1,"earthmobsmod:fancy_egg":1,"minecraft:cooked_rabbit":1,"tombstone:grave_key":3,"minecraft:string":1,"minecraft:raw_copper":9,"born_in_chaos_v1:intoxicating_decoction":2,"minecraft:cobbled_deepslate":31,"minecraft:gold_nugget":31,"minecraft:beef":23,"minecraft:furnace":12,"minecraft:egg":4,"minecraft:stick":2,"minecraft:raw_iron":32,"naturalist:duck":5,"luminousworld:blue_petunias":1,"ecologics:coconut_slice":1,"minecraft:torch":1,"minecraft:acacia_log":22,"quark:yellow_corundum_cluster":2,"minecraft:porkchop":13,"tombstone:grave_dust":2,"minecraft:rotten_flesh":6,"minecraft:arrow":2,"supplementaries:ash":14,"minecraft:mutton":10,"minecraft:white_wool":6,"minecraft:cobblestone":82,"mowziesmobs:umvuthana_mask_fury":1,"minecraft:feather":9,"minecraft:cooked_beef":8,"minecraft:glow_ink_sac":1,"minecraft:leather":8,"minecraft:oak_log":2,"supplementaries:flax_seeds":3,"minecraft:gunpowder":6,"minecraft:dirt":35,"minecraft:bone":13,"minecraft:wheat_seeds":9,"minecraft:rabbit_hide":1,"earthmobsmod:fancy_feather":2,"minecraft:iron_ingot":5,"tombstone:bag_of_seeds":1,"minecraft:rabbit":1,"luminousworld:white_petunias":6,"minecraft:cooked_porkchop":1,"born_in_chaos_v1:ethereal_spirit":1,"minecraft:dandelion":1,"minecraft:spruce_sapling":5,"alexsmobs:animal_dictionary":1,"naturalist:duck_egg":3,"minecraft:mossy_cobblestone":1,"born_in_chaos_v1:fire_dust":2,"minecraft:diamond":3,"minecraft:granite":3,"minecraft:golden_apple":1,"mowziesmobs:umvuthana_mask_fear":1,"minecraft:coal":269,"minecraft:oak_sapling":1,"minecraft:black_wool":1,"minecraft:sunflower":4},"minecraft:crafted":{"naturalist:cooked_duck":5,"minecraft:oak_planks":8,"minecraft:cooked_chicken":7,"minecraft:furnace":1,"minecraft:cooked_mutton":7,"minecraft:iron_boots":1,"minecraft:stone_pickaxe":1,"minecraft:cooked_beef":8,"minecraft:cooked_porkchop":6,"minecraft:crafting_table":2,"minecraft:wooden_pickaxe":1,"minecraft:iron_helmet":1,"minecraft:iron_sword":1,"minecraft:stone_axe":1,"minecraft:air":0,"minecraft:iron_chestplate":1,"minecraft:shield":1,"minecraft:stick":12,"minecraft:iron_pickaxe":1,"minecraft:iron_ingot":27,"minecraft:wooden_axe":1,"minecraft:stone_sword":1,"minecraft:iron_leggings":1,"minecraft:acacia_planks":36},"minecraft:dropped":{"minecraft:cooked_beef":7,"minecraft:cobblestone":9,"minecraft:glow_berries":3,"minecraft:acacia_log":13,"minecraft:stick":1,"minecraft:dirt":5,"minecraft:torch":4,"tombstone:grave_key":4,"minecraft:wooden_axe":1,"minecraft:sunflower":4,"minecraft:furnace":2,"minecraft:stone_axe":1,"born_in_chaos_v1:ethereal_spirit":1,"luminousworld:groundpebbles_1":2,"ecologics:coconut_husk":1,"minecraft:stone_pickaxe":1,"minecraft:black_wool":1,"mowziesmobs:umvuthana_mask_fury":1},"minecraft:custom":{"minecraft:mob_kills":58,"minecraft:interact_with_crafting_table":34,"minecraft:damage_dealt_resisted":15,"minecraft:leave_game":11,"minecraft:time_since_death":3213,"minecraft:climb_one_cm":10618,"minecraft:sprint_one_cm":442587,"minecraft:walk_one_cm":505326,"minecraft:damage_blocked_by_shield":260,"minecraft:drop":27,"minecraft:damage_dealt_absorbed":6,"minecraft:play_time":163263,"minecraft:deaths":11,"minecraft:sneak_time":2351,"minecraft:walk_under_water_one_cm":13021,"minecraft:jump":4733,"minecraft:interact_with_brewingstand":1,"minecraft:walk_on_water_one_cm":28323,"minecraft:total_world_time":163263,"minecraft:interact_with_furnace":73,"minecraft:time_since_rest":2703,"minecraft:damage_taken":4372,"minecraft:damage_dealt":7720,"minecraft:swim_one_cm":21415,"minecraft:fly_one_cm":1064424,"minecraft:player_kills":1,"minecraft:open_chest":3,"minecraft:crouch_one_cm":3477,"tombstone:undead_killed":7,"minecraft:fall_one_cm":117689},"minecraft:killed":{"luminousworld:deer":1,"earthmobsmod:hyper_rabbit":1,"born_in_chaos_v1:zombie_clown_not_despawn":1,"minecraft:spider":2,"naturalist:robin":1,"enemyexpansion:direwolf":3,"naturalist:duck":4,"minecraft:skeleton":1,"minecraft:chicken":5,"earthmobsmod:fancy_chicken":1,"luminousworld:monarch":1,"luminousworld:savannah_zombie":1,"born_in_chaos_v1:firelight_not_despawn":2,"minecraft:pig":4,"undead_revamp2:the_moonflower":3,"mowziesmobs:umvuthana_follower_raptor":4,"earthmobsmod:cream_cow":1,"minecraft:sheep":7,"enemyexpansion:vampire":1,"born_in_chaos_v1:corpse_fly":1,"mowziesmobs:umvuthana_raptor":1,"minecraft:cow":10},"minecraft:mined":{"luminousworld:white_petunias":6,"minecraft:diamond_ore":1,"luminousworld:groundpebbles_1":1,"minecraft:tuff":1,"minecraft:mossy_cobblestone":1,"luminousworld:grassvariant_4":3,"minecraft:deepslate_diamond_ore":2,"luminousworld:blue_petunias":1,"born_in_chaos_v1:infected_diamond_ore":2,"minecraft:granite":1,"minecraft:acacia_log":22,"minecraft:grass_block":20,"luminousworld:grassvariant_2":5,"minecraft:spruce_leaves":10,"luminousworld:savanna_grass_2":2,"minecraft:furnace":11,"minecraft:iron_ore":5,"minecraft:azure_bluet":1,"minecraft:deepslate_iron_ore":25,"minecraft:vine":4,"minecraft:stone":80,"minecraft:acacia_leaves":2,"minecraft:crafting_table":10,"minecraft:torch":1,"minecraft:poppy":1,"minecraft:tall_grass":5,"minecraft:cobblestone":5,"supplementaries:urn":8,"placeablesmod:gold_apple_block":1,"minecraft:grass":59,"minecraft:oak_log":2,"luminousworld:ishstone":1,"minecraft:sunflower":5,"minecraft:dirt":18,"luminousworld:grassvariant_3":3,"quark:yellow_corundum_cluster":2,"minecraft:oak_leaves":12,"minecraft:deepslate":28}},"DataVersion":3465}