{"stats":{"minecraft:killed_by":{"undead_revamp2:the_moonflower":1,"minecraft:spider":1},"minecraft:used":{"minecraft:wooden_axe":26,"minecraft:stone_sword":8,"minecraft:stone_pickaxe":23,"minecraft:wooden_pickaxe":31,"minecraft:torch":3,"minecraft:cobblestone":12,"minecraft:crafting_table":4,"tombstone:gift":2,"minecraft:cooked_beef":1,"minecraft:cobbled_deepslate":7},"minecraft:picked_up":{"luminousworld:groundpebbles_1":1,"minecraft:stick":2,"minecraft:crafting_table":4,"minecraft:chest_minecart":1,"minecraft:torch":1,"minecraft:acacia_log":22,"minecraft:oak_log":2,"tombstone:grave_key":1,"minecraft:spruce_sapling":5,"minecraft:mossy_cobblestone":1,"minecraft:string":1,"minecraft:dirt":3,"minecraft:cobbled_deepslate":18,"minecraft:gold_nugget":31,"minecraft:beef":1,"minecraft:coal":39,"minecraft:furnace":2,"minecraft:cobblestone":17,"minecraft:egg":1},"minecraft:crafted":{"minecraft:cooked_beef":1,"minecraft:oak_planks":8,"minecraft:crafting_table":2,"minecraft:stick":8,"minecraft:wooden_pickaxe":1,"minecraft:stone_pickaxe":1,"minecraft:wooden_axe":1,"minecraft:stone_sword":1,"minecraft:acacia_planks":24},"minecraft:dropped":{"tombstone:grave_key":1},"minecraft:custom":{"minecraft:time_since_rest":15444,"minecraft:interact_with_furnace":2,"minecraft:sprint_one_cm":60611,"minecraft:damage_taken":695,"minecraft:walk_one_cm":70360,"minecraft:mob_kills":3,"minecraft:drop":1,"minecraft:damage_dealt":471,"minecraft:interact_with_crafting_table":5,"minecraft:swim_one_cm":2423,"minecraft:fly_one_cm":170201,"minecraft:crouch_one_cm":502,"minecraft:play_time":26171,"minecraft:deaths":2,"minecraft:sneak_time":200,"minecraft:walk_under_water_one_cm":1278,"minecraft:jump":669,"minecraft:leave_game":3,"minecraft:walk_on_water_one_cm":3481,"minecraft:time_since_death":17482,"minecraft:climb_one_cm":7554,"minecraft:total_world_time":26171,"minecraft:fall_one_cm":18551},"minecraft:killed":{"luminousworld:monarch":1,"minecraft:spider":1,"minecraft:cow":1},"minecraft:mined":{"supplementaries:urn":1,"luminousworld:groundpebbles_1":1,"minecraft:acacia_leaves":2,"minecraft:furnace":2,"minecraft:mossy_cobblestone":1,"minecraft:torch":1,"minecraft:crafting_table":3,"minecraft:grass":5,"minecraft:acacia_log":22,"minecraft:grass_block":2,"minecraft:oak_log":2,"minecraft:poppy":1,"minecraft:vine":4,"minecraft:dirt":1,"minecraft:cobblestone":2,"minecraft:spruce_leaves":9,"minecraft:stone":16,"minecraft:deepslate":20}},"DataVersion":3465}