{"stats":{"minecraft:broken":{"mowziesmobs:umvuthana_mask_fear":1,"minecraft:stone_sword":1},"minecraft:killed_by":{"undead_revamp2:sucker":1,"undead_revamp2:the_moonflower":2,"minecraft:spider":1,"born_in_chaos_v1:diamond_termite":1,"minecraft:skeleton":1,"minecraft:zombie":1,"enemyexpansion:direwolf":1},"minecraft:used":{"minecraft:stone_sword":182,"minecraft:rose_bush":5,"mowziesmobs:umvuthana_mask_fear":1,"minecraft:poppy":2,"minecraft:shield":10,"minecraft:iron_sword":133,"minecraft:cooked_chicken":6,"minecraft:netherrack":1,"minecraft:iron_chestplate":1,"minecraft:torch":7,"minecraft:dirt":15,"minecraft:wooden_axe":32,"minecraft:iron_helmet":1,"luminousworld:blue_petunias":4,"minecraft:furnace":11,"tombstone:gift":4,"minecraft:cooked_beef":9,"minecraft:cobbled_deepslate":18,"minecraft:acacia_planks":6,"luminousworld:clovers_1":1,"minecraft:cooked_mutton":9,"minecraft:water_bucket":2,"minecraft:stone_pickaxe":77,"minecraft:wooden_pickaxe":31,"minecraft:brown_mushroom":1,"luminousworld:yellowpetunias":7,"minecraft:white_wool":5,"luminousworld:white_petunias":6,"minecraft:crafting_table":13,"tombstone:bag_of_seeds":1,"minecraft:diamond_pickaxe":19,"minecraft:melon_slice":15,"minecraft:iron_pickaxe":125,"ecologics:coconut_slice":1,"minecraft:stone_axe":3,"minecraft:diamond_sword":45,"minecraft:cobblestone":65,"naturalist:cooked_duck":5,"minecraft:cooked_porkchop":7,"minecraft:cooked_rabbit":1,"minecraft:bucket":2,"alexsmobs:animal_dictionary":1},"minecraft:picked_up":{"luminousworld:groundpebbles_1":2,"minecraft:crafting_table":12,"minecraft:coarse_dirt":1,"minecraft:chicken":8,"minecraft:chest_minecart":1,"minecraft:brown_mushroom":3,"minecraft:diamond_sword":1,"earthmobsmod:fancy_egg":1,"minecraft:cooked_rabbit":1,"tombstone:grave_key":3,"minecraft:string":1,"minecraft:raw_copper":9,"born_in_chaos_v1:intoxicating_decoction":2,"minecraft:gold_nugget":31,"minecraft:cobbled_deepslate":32,"minecraft:beef":23,"minecraft:rose_bush":5,"minecraft:poppy":2,"minecraft:melon_slice":17,"minecraft:furnace":12,"minecraft:egg":4,"minecraft:stick":2,"minecraft:raw_iron":32,"naturalist:duck":5,"luminousworld:blue_petunias":5,"ecologics:coconut_slice":1,"minecraft:torch":1,"minecraft:acacia_log":22,"quark:yellow_corundum_cluster":2,"minecraft:porkchop":15,"tombstone:grave_dust":2,"minecraft:rabbit_foot":3,"minecraft:arrow":2,"minecraft:rotten_flesh":15,"supplementaries:ash":14,"minecraft:mutton":10,"minecraft:white_wool":7,"minecraft:cobblestone":91,"born_in_chaos_v1:corpse_maggot":1,"mowziesmobs:umvuthana_mask_fury":1,"minecraft:feather":18,"minecraft:cooked_beef":8,"minecraft:glow_ink_sac":1,"minecraft:leather":16,"minecraft:oak_log":2,"supplementaries:flax_seeds":3,"minecraft:gunpowder":12,"minecraft:dirt":49,"minecraft:bone":13,"minecraft:wheat_seeds":13,"minecraft:rabbit_hide":9,"minecraft:iron_ingot":6,"earthmobsmod:fancy_feather":2,"tombstone:bag_of_seeds":1,"minecraft:rabbit":1,"luminousworld:white_petunias":6,"luminousworld:clovers_1":4,"minecraft:cooked_porkchop":1,"born_in_chaos_v1:ethereal_spirit":1,"minecraft:dandelion":2,"minecraft:spruce_sapling":5,"alexsmobs:animal_dictionary":1,"naturalist:duck_egg":3,"minecraft:mossy_cobblestone":1,"born_in_chaos_v1:fire_dust":2,"minecraft:diamond":15,"luminousworld:yellowpetunias":7,"minecraft:granite":6,"minecraft:golden_apple":1,"mowziesmobs:umvuthana_mask_fear":1,"minecraft:oak_sapling":1,"minecraft:netherrack":1,"minecraft:black_wool":1,"minecraft:coal":269,"minecraft:sunflower":5,"minecraft:diamond_pickaxe":1},"minecraft:crafted":{"naturalist:cooked_duck":5,"minecraft:oak_planks":8,"minecraft:cooked_chicken":7,"minecraft:furnace":1,"minecraft:cooked_mutton":9,"minecraft:iron_boots":1,"minecraft:stone_pickaxe":1,"minecraft:cooked_beef":8,"minecraft:diamond_sword":1,"minecraft:cooked_porkchop":8,"minecraft:crafting_table":2,"minecraft:wooden_pickaxe":1,"minecraft:iron_helmet":1,"minecraft:iron_sword":1,"minecraft:bucket":1,"minecraft:stone_axe":1,"minecraft:air":0,"minecraft:iron_chestplate":1,"minecraft:diamond_pickaxe":1,"minecraft:shield":1,"minecraft:stick":16,"minecraft:iron_pickaxe":1,"minecraft:iron_ingot":27,"minecraft:wooden_axe":1,"minecraft:stone_sword":1,"minecraft:iron_leggings":1,"minecraft:acacia_planks":36},"minecraft:dropped":{"minecraft:iron_sword":1,"minecraft:wheat_seeds":9,"minecraft:cooked_beef":7,"minecraft:glow_ink_sac":1,"minecraft:diamond":8,"minecraft:glow_berries":3,"minecraft:feather":14,"minecraft:cobblestone":10,"minecraft:leather":16,"minecraft:granite":6,"minecraft:acacia_log":13,"minecraft:stick":1,"minecraft:dirt":28,"minecraft:torch":4,"tombstone:grave_key":4,"minecraft:wooden_axe":1,"minecraft:sunflower":4,"minecraft:iron_pickaxe":1,"minecraft:white_wool":2,"luminousworld:clovers_1":1,"minecraft:dandelion":1,"minecraft:furnace":2,"minecraft:stone_axe":1,"minecraft:coarse_dirt":1,"minecraft:cobbled_deepslate":14,"born_in_chaos_v1:ethereal_spirit":1,"minecraft:rotten_flesh":20,"supplementaries:flax_seeds":3,"supplementaries:ash":14,"minecraft:gunpowder":12,"minecraft:diamond_pickaxe":1,"luminousworld:groundpebbles_1":2,"ecologics:coconut_husk":1,"minecraft:oak_sapling":1,"minecraft:wooden_pickaxe":1,"minecraft:powered_rail":3,"luminousworld:blue_petunias":1,"minecraft:stone_pickaxe":1,"mowziesmobs:umvuthana_mask_fury":1,"minecraft:black_wool":1,"minecraft:egg":3},"minecraft:custom":{"minecraft:mob_kills":78,"minecraft:interact_with_crafting_table":53,"minecraft:open_barrel":3,"minecraft:damage_dealt_resisted":15,"minecraft:leave_game":15,"minecraft:time_since_death":51944,"minecraft:climb_one_cm":10736,"minecraft:sprint_one_cm":643954,"minecraft:walk_one_cm":649021,"minecraft:damage_blocked_by_shield":285,"minecraft:drop":64,"minecraft:damage_dealt_absorbed":6,"minecraft:play_time":211994,"minecraft:sneak_time":3102,"minecraft:deaths":11,"minecraft:walk_under_water_one_cm":19825,"minecraft:jump":5983,"minecraft:interact_with_brewingstand":1,"minecraft:walk_on_water_one_cm":40181,"minecraft:total_world_time":211994,"minecraft:interact_with_furnace":86,"minecraft:time_since_rest":51434,"minecraft:damage_taken":5165,"minecraft:trigger_trapped_chest":1,"minecraft:damage_dealt":11538,"minecraft:player_kills":1,"minecraft:swim_one_cm":29410,"minecraft:fly_one_cm":1349807,"minecraft:open_chest":6,"minecraft:crouch_one_cm":4695,"tombstone:undead_killed":19,"minecraft:fall_one_cm":149649},"minecraft:killed":{"luminousworld:deer":1,"earthmobsmod:hyper_rabbit":1,"earthmobsmod:jumbo_rabbit":4,"born_in_chaos_v1:zombie_clown_not_despawn":1,"minecraft:spider":2,"naturalist:robin":1,"enemyexpansion:direwolf":3,"naturalist:duck":4,"born_in_chaos_v1:maggot":1,"minecraft:skeleton":2,"alexsmobs:leafcutter_ant":1,"minecraft:chicken":5,"alexsmobs:capuchin_monkey":1,"earthmobsmod:fancy_chicken":1,"luminousworld:monarch":1,"luminousworld:savannah_zombie":1,"born_in_chaos_v1:firelight_not_despawn":2,"born_in_chaos_v1:fallen_chaos_knight":1,"minecraft:pig":5,"undead_revamp2:the_moonflower":6,"enemyexpansion:sprinter":1,"mowziesmobs:umvuthana_follower_raptor":4,"earthmobsmod:cream_cow":1,"minecraft:sheep":7,"enemyexpansion:meature":1,"minecraft:zombie":3,"iceandfire:ghost":1,"enemyexpansion:vampire":1,"born_in_chaos_v1:corpse_fly":1,"enemyexpansion:huntsman":1,"mowziesmobs:umvuthana_raptor":1,"minecraft:cow":10},"minecraft:mined":{"luminousworld:white_petunias":6,"minecraft:diamond_ore":1,"luminousworld:groundpebbles_1":1,"minecraft:tuff":1,"luminousworld:yellowpetunias":7,"minecraft:mossy_cobblestone":1,"minecraft:deepslate_diamond_ore":6,"luminousworld:grassvariant_4":5,"alexsmobs:leafcutter_anthill":1,"luminousworld:blue_petunias":6,"born_in_chaos_v1:infected_diamond_ore":2,"minecraft:granite":1,"minecraft:acacia_log":22,"minecraft:grass_block":35,"luminousworld:clovers_4":1,"luminousworld:grassvariant_2":9,"minecraft:spruce_leaves":10,"luminousworld:savanna_grass_2":2,"minecraft:furnace":11,"minecraft:iron_ore":5,"minecraft:azure_bluet":1,"minecraft:deepslate_iron_ore":25,"minecraft:vine":5,"luminousworld:clovers_3":1,"minecraft:stone":90,"minecraft:acacia_leaves":2,"luminousworld:birchtreemushrooms":1,"minecraft:crafting_table":11,"minecraft:torch":1,"minecraft:poppy":3,"minecraft:rose_bush":5,"minecraft:tall_grass":5,"minecraft:cobblestone":12,"supplementaries:urn":8,"placeablesmod:gold_apple_block":1,"luminousworld:clovers_1":1,"minecraft:birch_leaves":4,"minecraft:grass":71,"minecraft:oak_log":2,"luminousworld:ishstone":1,"minecraft:sunflower":5,"minecraft:dirt":21,"quark:yellow_corundum_cluster":2,"luminousworld:grassvariant_3":4,"minecraft:netherrack":1,"minecraft:oak_leaves":12,"minecraft:deepslate":29,"undead_revamp2:arapholia":1}},"DataVersion":3465}