{"stats":{"minecraft:killed_by":{"undead_revamp2:the_moonflower":1,"minecraft:spider":1},"minecraft:used":{"minecraft:stone_sword":52,"minecraft:stone_pickaxe":45,"minecraft:wooden_pickaxe":31,"minecraft:torch":4,"minecraft:dirt":2,"minecraft:crafting_table":4,"minecraft:wooden_axe":26,"minecraft:cobblestone":12,"naturalist:cooked_duck":4,"minecraft:furnace":1,"tombstone:gift":2,"minecraft:cooked_beef":1,"minecraft:cobbled_deepslate":18,"minecraft:acacia_planks":6},"minecraft:picked_up":{"luminousworld:groundpebbles_1":2,"minecraft:crafting_table":4,"minecraft:feather":4,"minecraft:chicken":2,"minecraft:chest_minecart":1,"earthmobsmod:fancy_egg":1,"minecraft:cooked_rabbit":1,"minecraft:oak_log":2,"tombstone:grave_key":1,"minecraft:dirt":10,"minecraft:string":1,"born_in_chaos_v1:intoxicating_decoction":2,"minecraft:wheat_seeds":2,"minecraft:gold_nugget":31,"minecraft:cobbled_deepslate":18,"minecraft:rabbit_hide":1,"minecraft:beef":1,"earthmobsmod:fancy_feather":2,"minecraft:rabbit":1,"minecraft:egg":1,"minecraft:furnace":5,"minecraft:stick":2,"naturalist:duck":4,"minecraft:torch":1,"minecraft:acacia_log":22,"minecraft:spruce_sapling":5,"naturalist:duck_egg":3,"minecraft:mossy_cobblestone":1,"born_in_chaos_v1:fire_dust":2,"minecraft:golden_apple":1,"minecraft:coal":85,"minecraft:cobblestone":38},"minecraft:crafted":{"minecraft:cooked_beef":1,"naturalist:cooked_duck":4,"minecraft:oak_planks":8,"minecraft:crafting_table":2,"minecraft:wooden_pickaxe":1,"minecraft:air":0,"minecraft:stick":8,"minecraft:stone_pickaxe":1,"minecraft:wooden_axe":1,"minecraft:stone_sword":1,"minecraft:acacia_planks":24},"minecraft:dropped":{"minecraft:furnace":2,"minecraft:stick":1,"tombstone:grave_key":1},"minecraft:custom":{"minecraft:interact_with_furnace":7,"minecraft:mob_kills":13,"minecraft:interact_with_crafting_table":5,"minecraft:leave_game":4,"minecraft:time_since_death":32748,"minecraft:climb_one_cm":10618,"minecraft:time_since_rest":30710,"minecraft:sprint_one_cm":107596,"minecraft:damage_taken":755,"minecraft:walk_one_cm":100120,"minecraft:drop":3,"minecraft:damage_dealt":1490,"minecraft:swim_one_cm":5342,"minecraft:fly_one_cm":260288,"minecraft:open_chest":1,"minecraft:crouch_one_cm":946,"minecraft:play_time":41437,"tombstone:undead_killed":1,"minecraft:deaths":2,"minecraft:sneak_time":1089,"minecraft:walk_under_water_one_cm":2930,"minecraft:jump":1068,"minecraft:interact_with_brewingstand":1,"minecraft:walk_on_water_one_cm":4726,"minecraft:total_world_time":41437,"minecraft:fall_one_cm":28459},"minecraft:killed":{"earthmobsmod:hyper_rabbit":1,"born_in_chaos_v1:zombie_clown_not_despawn":1,"minecraft:spider":1,"naturalist:duck":4,"minecraft:chicken":1,"earthmobsmod:fancy_chicken":1,"luminousworld:monarch":1,"born_in_chaos_v1:firelight_not_despawn":2,"minecraft:cow":1},"minecraft:mined":{"luminousworld:groundpebbles_1":1,"minecraft:acacia_leaves":2,"minecraft:mossy_cobblestone":1,"luminousworld:grassvariant_4":3,"minecraft:crafting_table":3,"minecraft:torch":1,"minecraft:acacia_log":22,"minecraft:grass_block":6,"minecraft:poppy":1,"luminousworld:grassvariant_2":2,"minecraft:cobblestone":2,"minecraft:spruce_leaves":10,"supplementaries:urn":1,"placeablesmod:gold_apple_block":1,"minecraft:furnace":3,"minecraft:grass":12,"minecraft:oak_log":2,"minecraft:vine":4,"minecraft:dirt":4,"luminousworld:grassvariant_3":2,"minecraft:stone":37,"minecraft:oak_leaves":3,"minecraft:deepslate":20}},"DataVersion":3465}