{"stats":{"minecraft:killed_by":{"undead_revamp2:the_moonflower":1},"minecraft:used":{"tombstone:gift":2},"minecraft:picked_up":{"minecraft:egg":1,"tombstone:grave_key":1},"minecraft:dropped":{"tombstone:grave_key":1},"minecraft:custom":{"minecraft:jump":266,"minecraft:time_since_rest":1432,"minecraft:deaths":1,"minecraft:damage_dealt":88,"minecraft:walk_on_water_one_cm":748,"minecraft:leave_game":2,"minecraft:play_time":5297,"minecraft:sprint_one_cm":20492,"minecraft:damage_taken":395,"minecraft:time_since_death":1606,"minecraft:walk_one_cm":13172,"minecraft:total_world_time":5297,"minecraft:walk_under_water_one_cm":414,"minecraft:drop":1,"minecraft:fall_one_cm":7398,"minecraft:fly_one_cm":76838},"minecraft:mined":{"minecraft:grass":3}},"DataVersion":3465}