{"stats":{"minecraft:broken":{"mowziesmobs:umvuthana_mask_fear":1,"minecraft:stone_sword":1},"minecraft:killed_by":{"undead_revamp2:sucker":1,"undead_revamp2:the_moonflower":2,"minecraft:spider":1,"born_in_chaos_v1:diamond_termite":1,"minecraft:skeleton":1,"minecraft:zombie":1,"enemyexpansion:direwolf":1},"minecraft:used":{"minecraft:stone_sword":182,"mowziesmobs:umvuthana_mask_fear":1,"minecraft:shield":10,"minecraft:iron_sword":133,"minecraft:netherrack":1,"minecraft:cooked_chicken":6,"minecraft:iron_chestplate":1,"minecraft:torch":7,"minecraft:dirt":4,"minecraft:wooden_axe":32,"minecraft:iron_helmet":1,"minecraft:furnace":11,"tombstone:gift":4,"minecraft:cooked_beef":9,"minecraft:cobbled_deepslate":18,"minecraft:acacia_planks":6,"minecraft:cooked_mutton":9,"minecraft:stone_pickaxe":77,"minecraft:wooden_pickaxe":31,"minecraft:brown_mushroom":1,"minecraft:white_wool":5,"minecraft:crafting_table":12,"minecraft:diamond_pickaxe":11,"minecraft:melon_slice":1,"minecraft:iron_pickaxe":125,"ecologics:coconut_slice":1,"minecraft:stone_axe":3,"minecraft:diamond_sword":23,"minecraft:cobblestone":62,"naturalist:cooked_duck":5,"minecraft:cooked_porkchop":7,"minecraft:cooked_rabbit":1,"alexsmobs:animal_dictionary":1},"minecraft:picked_up":{"luminousworld:groundpebbles_1":2,"minecraft:crafting_table":11,"minecraft:coarse_dirt":1,"minecraft:chicken":8,"minecraft:chest_minecart":1,"minecraft:brown_mushroom":3,"earthmobsmod:fancy_egg":1,"minecraft:cooked_rabbit":1,"tombstone:grave_key":3,"minecraft:string":1,"minecraft:raw_copper":9,"born_in_chaos_v1:intoxicating_decoction":2,"minecraft:gold_nugget":31,"minecraft:cobbled_deepslate":32,"minecraft:beef":23,"minecraft:melon_slice":11,"minecraft:furnace":12,"minecraft:egg":4,"minecraft:stick":2,"minecraft:raw_iron":32,"naturalist:duck":5,"luminousworld:blue_petunias":1,"ecologics:coconut_slice":1,"minecraft:torch":1,"minecraft:acacia_log":22,"quark:yellow_corundum_cluster":2,"minecraft:porkchop":15,"tombstone:grave_dust":2,"minecraft:rabbit_foot":3,"minecraft:arrow":2,"minecraft:rotten_flesh":15,"supplementaries:ash":14,"minecraft:mutton":10,"minecraft:white_wool":7,"minecraft:cobblestone":88,"born_in_chaos_v1:corpse_maggot":1,"mowziesmobs:umvuthana_mask_fury":1,"minecraft:feather":18,"minecraft:cooked_beef":8,"minecraft:glow_ink_sac":1,"minecraft:leather":16,"minecraft:oak_log":2,"supplementaries:flax_seeds":3,"minecraft:gunpowder":12,"minecraft:dirt":39,"minecraft:bone":13,"minecraft:wheat_seeds":10,"minecraft:rabbit_hide":9,"minecraft:iron_ingot":5,"earthmobsmod:fancy_feather":2,"tombstone:bag_of_seeds":1,"minecraft:rabbit":1,"luminousworld:white_petunias":6,"luminousworld:clovers_1":2,"minecraft:cooked_porkchop":1,"born_in_chaos_v1:ethereal_spirit":1,"minecraft:dandelion":2,"minecraft:spruce_sapling":5,"alexsmobs:animal_dictionary":1,"naturalist:duck_egg":3,"minecraft:mossy_cobblestone":1,"born_in_chaos_v1:fire_dust":2,"minecraft:diamond":7,"minecraft:granite":6,"minecraft:golden_apple":1,"mowziesmobs:umvuthana_mask_fear":1,"minecraft:oak_sapling":1,"minecraft:netherrack":1,"minecraft:black_wool":1,"minecraft:coal":269,"minecraft:sunflower":5,"minecraft:diamond_pickaxe":1},"minecraft:crafted":{"naturalist:cooked_duck":5,"minecraft:oak_planks":8,"minecraft:cooked_chicken":7,"minecraft:furnace":1,"minecraft:cooked_mutton":9,"minecraft:iron_boots":1,"minecraft:stone_pickaxe":1,"minecraft:cooked_beef":8,"minecraft:diamond_sword":1,"minecraft:cooked_porkchop":8,"minecraft:crafting_table":2,"minecraft:wooden_pickaxe":1,"minecraft:iron_helmet":1,"minecraft:iron_sword":1,"minecraft:stone_axe":1,"minecraft:air":0,"minecraft:iron_chestplate":1,"minecraft:diamond_pickaxe":1,"minecraft:shield":1,"minecraft:stick":16,"minecraft:iron_pickaxe":1,"minecraft:iron_ingot":27,"minecraft:wooden_axe":1,"minecraft:stone_sword":1,"minecraft:iron_leggings":1,"minecraft:acacia_planks":36},"minecraft:dropped":{"minecraft:wheat_seeds":9,"minecraft:cooked_beef":7,"minecraft:glow_ink_sac":1,"minecraft:feather":14,"minecraft:cobblestone":10,"minecraft:glow_berries":3,"minecraft:leather":16,"minecraft:granite":6,"minecraft:acacia_log":13,"minecraft:stick":1,"minecraft:dirt":28,"minecraft:torch":4,"tombstone:grave_key":4,"minecraft:wooden_axe":1,"minecraft:sunflower":4,"minecraft:white_wool":2,"luminousworld:clovers_1":1,"minecraft:dandelion":1,"minecraft:furnace":2,"minecraft:stone_axe":1,"minecraft:coarse_dirt":1,"minecraft:cobbled_deepslate":14,"born_in_chaos_v1:ethereal_spirit":1,"minecraft:rotten_flesh":20,"supplementaries:flax_seeds":3,"supplementaries:ash":14,"minecraft:gunpowder":12,"minecraft:diamond_pickaxe":1,"luminousworld:groundpebbles_1":2,"ecologics:coconut_husk":1,"minecraft:oak_sapling":1,"minecraft:powered_rail":3,"luminousworld:blue_petunias":1,"minecraft:wooden_pickaxe":1,"minecraft:stone_pickaxe":1,"mowziesmobs:umvuthana_mask_fury":1,"minecraft:black_wool":1,"minecraft:egg":3},"minecraft:custom":{"minecraft:mob_kills":76,"minecraft:interact_with_crafting_table":36,"minecraft:open_barrel":3,"minecraft:damage_dealt_resisted":15,"minecraft:leave_game":13,"minecraft:time_since_death":37448,"minecraft:climb_one_cm":10736,"minecraft:sprint_one_cm":605151,"minecraft:walk_one_cm":607027,"minecraft:damage_blocked_by_shield":285,"minecraft:drop":54,"minecraft:damage_dealt_absorbed":6,"minecraft:play_time":197498,"minecraft:sneak_time":2822,"minecraft:deaths":11,"minecraft:walk_under_water_one_cm":19694,"minecraft:jump":5747,"minecraft:interact_with_brewingstand":1,"minecraft:walk_on_water_one_cm":38216,"minecraft:total_world_time":197498,"minecraft:interact_with_furnace":86,"minecraft:time_since_rest":36938,"minecraft:damage_taken":5005,"minecraft:trigger_trapped_chest":1,"minecraft:damage_dealt":10882,"minecraft:player_kills":1,"minecraft:swim_one_cm":27566,"minecraft:fly_one_cm":1312397,"minecraft:open_chest":6,"minecraft:crouch_one_cm":4461,"tombstone:undead_killed":17,"minecraft:fall_one_cm":143530},"minecraft:killed":{"luminousworld:deer":1,"earthmobsmod:hyper_rabbit":1,"earthmobsmod:jumbo_rabbit":4,"born_in_chaos_v1:zombie_clown_not_despawn":1,"minecraft:spider":2,"naturalist:robin":1,"enemyexpansion:direwolf":3,"naturalist:duck":4,"born_in_chaos_v1:maggot":1,"minecraft:skeleton":1,"alexsmobs:leafcutter_ant":1,"minecraft:chicken":5,"alexsmobs:capuchin_monkey":1,"earthmobsmod:fancy_chicken":1,"luminousworld:monarch":1,"born_in_chaos_v1:firelight_not_despawn":2,"luminousworld:savannah_zombie":1,"minecraft:pig":5,"undead_revamp2:the_moonflower":6,"enemyexpansion:sprinter":1,"mowziesmobs:umvuthana_follower_raptor":4,"earthmobsmod:cream_cow":1,"minecraft:sheep":7,"enemyexpansion:meature":1,"minecraft:zombie":3,"iceandfire:ghost":1,"enemyexpansion:vampire":1,"born_in_chaos_v1:corpse_fly":1,"enemyexpansion:huntsman":1,"mowziesmobs:umvuthana_raptor":1,"minecraft:cow":10},"minecraft:mined":{"luminousworld:white_petunias":6,"minecraft:diamond_ore":1,"luminousworld:groundpebbles_1":1,"minecraft:tuff":1,"minecraft:mossy_cobblestone":1,"minecraft:deepslate_diamond_ore":6,"luminousworld:grassvariant_4":3,"luminousworld:blue_petunias":1,"alexsmobs:leafcutter_anthill":1,"born_in_chaos_v1:infected_diamond_ore":2,"minecraft:granite":1,"minecraft:acacia_log":22,"minecraft:grass_block":24,"luminousworld:grassvariant_2":8,"minecraft:spruce_leaves":10,"luminousworld:savanna_grass_2":2,"minecraft:furnace":11,"minecraft:iron_ore":5,"minecraft:azure_bluet":1,"minecraft:deepslate_iron_ore":25,"minecraft:vine":5,"minecraft:stone":90,"minecraft:acacia_leaves":2,"luminousworld:birchtreemushrooms":1,"minecraft:crafting_table":10,"minecraft:torch":1,"minecraft:poppy":1,"minecraft:tall_grass":5,"minecraft:cobblestone":9,"supplementaries:urn":8,"placeablesmod:gold_apple_block":1,"minecraft:birch_leaves":3,"minecraft:grass":69,"minecraft:oak_log":2,"luminousworld:ishstone":1,"minecraft:sunflower":5,"minecraft:dirt":19,"quark:yellow_corundum_cluster":2,"luminousworld:grassvariant_3":3,"minecraft:netherrack":1,"minecraft:oak_leaves":12,"minecraft:deepslate":29,"undead_revamp2:arapholia":1}},"DataVersion":3465}