{"stats":{"minecraft:broken":{"mowziesmobs:umvuthana_mask_fear":1,"minecraft:stone_sword":1},"minecraft:killed_by":{"undead_revamp2:the_moonflower":2,"minecraft:spider":1,"born_in_chaos_v1:diamond_termite":1,"minecraft:skeleton":1,"minecraft:zombie":1,"enemyexpansion:direwolf":1},"minecraft:used":{"minecraft:stone_sword":182,"mowziesmobs:umvuthana_mask_fear":1,"minecraft:shield":3,"minecraft:iron_sword":32,"minecraft:cooked_chicken":3,"minecraft:iron_chestplate":1,"minecraft:torch":7,"minecraft:dirt":2,"minecraft:wooden_axe":32,"minecraft:furnace":8,"tombstone:gift":2,"minecraft:cooked_beef":9,"minecraft:acacia_planks":6,"minecraft:cobbled_deepslate":18,"minecraft:cooked_mutton":7,"minecraft:stone_pickaxe":77,"minecraft:wooden_pickaxe":31,"minecraft:white_wool":5,"minecraft:crafting_table":8,"minecraft:iron_pickaxe":89,"minecraft:stone_axe":3,"minecraft:cobblestone":33,"naturalist:cooked_duck":4},"minecraft:picked_up":{"luminousworld:groundpebbles_1":2,"minecraft:crafting_table":8,"minecraft:chicken":6,"minecraft:chest_minecart":1,"earthmobsmod:fancy_egg":1,"minecraft:cooked_rabbit":1,"tombstone:grave_key":1,"minecraft:string":1,"born_in_chaos_v1:intoxicating_decoction":2,"minecraft:cobbled_deepslate":31,"minecraft:gold_nugget":31,"minecraft:beef":23,"minecraft:egg":4,"minecraft:furnace":11,"naturalist:duck":5,"minecraft:raw_iron":32,"minecraft:stick":2,"luminousworld:blue_petunias":1,"minecraft:torch":1,"minecraft:acacia_log":22,"quark:yellow_corundum_cluster":2,"tombstone:grave_dust":2,"minecraft:rotten_flesh":2,"minecraft:arrow":2,"supplementaries:ash":14,"minecraft:mutton":8,"minecraft:white_wool":5,"minecraft:cobblestone":65,"mowziesmobs:umvuthana_mask_fury":1,"minecraft:feather":7,"minecraft:cooked_beef":8,"minecraft:glow_ink_sac":1,"minecraft:leather":8,"minecraft:oak_log":2,"supplementaries:flax_seeds":3,"minecraft:gunpowder":6,"minecraft:dirt":34,"minecraft:bone":10,"minecraft:wheat_seeds":9,"minecraft:rabbit_hide":1,"earthmobsmod:fancy_feather":2,"minecraft:iron_ingot":2,"minecraft:rabbit":1,"luminousworld:white_petunias":6,"minecraft:dandelion":1,"minecraft:spruce_sapling":5,"naturalist:duck_egg":3,"alexsmobs:animal_dictionary":1,"minecraft:mossy_cobblestone":1,"born_in_chaos_v1:fire_dust":2,"minecraft:diamond":3,"minecraft:granite":1,"minecraft:golden_apple":1,"mowziesmobs:umvuthana_mask_fear":1,"minecraft:coal":202,"minecraft:oak_sapling":1,"minecraft:black_wool":1,"minecraft:sunflower":4},"minecraft:crafted":{"naturalist:cooked_duck":4,"minecraft:oak_planks":8,"minecraft:cooked_chicken":3,"minecraft:cooked_mutton":7,"minecraft:stone_pickaxe":1,"minecraft:cooked_beef":8,"minecraft:crafting_table":2,"minecraft:wooden_pickaxe":1,"minecraft:iron_sword":1,"minecraft:stone_axe":1,"minecraft:air":0,"minecraft:iron_chestplate":1,"minecraft:shield":1,"minecraft:stick":12,"minecraft:iron_ingot":23,"minecraft:iron_pickaxe":1,"minecraft:wooden_axe":1,"minecraft:stone_sword":1,"minecraft:iron_leggings":1,"minecraft:acacia_planks":36},"minecraft:dropped":{"minecraft:cooked_beef":7,"minecraft:cobblestone":9,"minecraft:glow_berries":3,"minecraft:stick":1,"minecraft:dirt":5,"minecraft:torch":4,"tombstone:grave_key":1,"minecraft:wooden_axe":1,"minecraft:sunflower":4,"minecraft:furnace":2,"minecraft:stone_axe":1,"luminousworld:groundpebbles_1":2,"minecraft:stone_pickaxe":1,"mowziesmobs:umvuthana_mask_fury":1,"minecraft:black_wool":1},"minecraft:custom":{"minecraft:mob_kills":49,"minecraft:interact_with_crafting_table":21,"minecraft:damage_dealt_resisted":15,"minecraft:leave_game":9,"minecraft:time_since_death":691,"minecraft:climb_one_cm":10618,"minecraft:sprint_one_cm":342360,"minecraft:walk_one_cm":355520,"minecraft:damage_blocked_by_shield":230,"minecraft:drop":21,"minecraft:damage_dealt_absorbed":6,"minecraft:play_time":125458,"minecraft:deaths":9,"minecraft:sneak_time":2014,"minecraft:walk_under_water_one_cm":7959,"minecraft:jump":3681,"minecraft:interact_with_brewingstand":1,"minecraft:walk_on_water_one_cm":23591,"minecraft:total_world_time":125458,"minecraft:interact_with_furnace":46,"minecraft:time_since_rest":1,"minecraft:damage_taken":3646,"minecraft:damage_dealt":6117,"minecraft:swim_one_cm":11393,"minecraft:fly_one_cm":864274,"minecraft:player_kills":1,"minecraft:open_chest":3,"minecraft:crouch_one_cm":2586,"tombstone:undead_killed":5,"minecraft:fall_one_cm":95505},"minecraft:killed":{"earthmobsmod:hyper_rabbit":1,"born_in_chaos_v1:zombie_clown_not_despawn":1,"minecraft:spider":2,"enemyexpansion:direwolf":3,"naturalist:duck":4,"minecraft:skeleton":1,"minecraft:chicken":5,"earthmobsmod:fancy_chicken":1,"luminousworld:monarch":1,"born_in_chaos_v1:firelight_not_despawn":2,"luminousworld:savannah_zombie":1,"undead_revamp2:the_moonflower":1,"mowziesmobs:umvuthana_follower_raptor":4,"earthmobsmod:cream_cow":1,"minecraft:sheep":6,"enemyexpansion:vampire":1,"born_in_chaos_v1:corpse_fly":1,"mowziesmobs:umvuthana_raptor":1,"minecraft:cow":10},"minecraft:mined":{"luminousworld:white_petunias":6,"luminousworld:groundpebbles_1":1,"minecraft:diamond_ore":1,"minecraft:tuff":1,"minecraft:mossy_cobblestone":1,"luminousworld:grassvariant_4":3,"minecraft:deepslate_diamond_ore":2,"luminousworld:blue_petunias":1,"born_in_chaos_v1:infected_diamond_ore":2,"minecraft:granite":1,"minecraft:acacia_log":22,"minecraft:grass_block":20,"luminousworld:grassvariant_2":4,"minecraft:spruce_leaves":10,"minecraft:furnace":10,"minecraft:iron_ore":5,"minecraft:vine":4,"minecraft:deepslate_iron_ore":25,"minecraft:stone":63,"minecraft:acacia_leaves":2,"minecraft:crafting_table":8,"minecraft:torch":1,"minecraft:poppy":1,"minecraft:tall_grass":5,"minecraft:cobblestone":4,"supplementaries:urn":8,"placeablesmod:gold_apple_block":1,"minecraft:grass":58,"minecraft:oak_log":2,"luminousworld:ishstone":1,"minecraft:sunflower":5,"minecraft:dirt":18,"quark:yellow_corundum_cluster":2,"luminousworld:grassvariant_3":2,"minecraft:oak_leaves":10,"minecraft:deepslate":28}},"DataVersion":3465}