{"stats":{"minecraft:killed_by":{"undead_revamp2:the_moonflower":1,"minecraft:spider":1},"minecraft:used":{"minecraft:stone_sword":61,"minecraft:stone_pickaxe":65,"minecraft:wooden_pickaxe":31,"minecraft:cooked_chicken":1,"minecraft:torch":4,"minecraft:dirt":2,"minecraft:crafting_table":4,"minecraft:wooden_axe":26,"minecraft:cobblestone":12,"naturalist:cooked_duck":4,"minecraft:furnace":2,"tombstone:gift":2,"minecraft:cooked_beef":1,"minecraft:cobbled_deepslate":18,"minecraft:acacia_planks":6},"minecraft:picked_up":{"luminousworld:groundpebbles_1":2,"minecraft:crafting_table":4,"minecraft:feather":4,"minecraft:chicken":2,"minecraft:chest_minecart":1,"minecraft:leather":2,"earthmobsmod:fancy_egg":1,"minecraft:cooked_rabbit":1,"minecraft:oak_log":2,"tombstone:grave_key":1,"minecraft:dirt":12,"minecraft:string":1,"born_in_chaos_v1:intoxicating_decoction":2,"minecraft:wheat_seeds":2,"minecraft:cobbled_deepslate":18,"minecraft:gold_nugget":31,"minecraft:rabbit_hide":1,"minecraft:beef":2,"earthmobsmod:fancy_feather":2,"minecraft:rabbit":1,"minecraft:egg":1,"minecraft:furnace":6,"minecraft:stick":2,"minecraft:raw_iron":1,"naturalist:duck":4,"luminousworld:blue_petunias":1,"minecraft:torch":1,"minecraft:acacia_log":22,"minecraft:spruce_sapling":5,"minecraft:mossy_cobblestone":1,"naturalist:duck_egg":3,"born_in_chaos_v1:fire_dust":2,"minecraft:golden_apple":1,"supplementaries:ash":1,"minecraft:oak_sapling":1,"minecraft:mutton":1,"minecraft:coal":85,"minecraft:white_wool":1,"minecraft:cobblestone":49},"minecraft:crafted":{"minecraft:cooked_beef":1,"naturalist:cooked_duck":4,"minecraft:oak_planks":8,"minecraft:crafting_table":2,"minecraft:wooden_pickaxe":1,"minecraft:cooked_chicken":1,"minecraft:air":0,"minecraft:stick":8,"minecraft:wooden_axe":1,"minecraft:stone_pickaxe":1,"minecraft:stone_sword":1,"minecraft:acacia_planks":24},"minecraft:dropped":{"minecraft:furnace":2,"minecraft:stick":1,"tombstone:grave_key":1},"minecraft:custom":{"minecraft:interact_with_furnace":9,"minecraft:mob_kills":15,"minecraft:interact_with_crafting_table":5,"minecraft:leave_game":6,"minecraft:time_since_death":40760,"minecraft:climb_one_cm":10618,"minecraft:time_since_rest":38722,"minecraft:sprint_one_cm":136995,"minecraft:damage_taken":845,"minecraft:walk_one_cm":123539,"minecraft:drop":3,"minecraft:damage_dealt":1720,"minecraft:swim_one_cm":5342,"minecraft:fly_one_cm":336336,"minecraft:open_chest":1,"minecraft:crouch_one_cm":956,"minecraft:play_time":49449,"tombstone:undead_killed":1,"minecraft:deaths":2,"minecraft:sneak_time":1160,"minecraft:walk_under_water_one_cm":3062,"minecraft:jump":1411,"minecraft:interact_with_brewingstand":1,"minecraft:walk_on_water_one_cm":6153,"minecraft:total_world_time":49449,"minecraft:fall_one_cm":40308},"minecraft:killed":{"earthmobsmod:hyper_rabbit":1,"born_in_chaos_v1:zombie_clown_not_despawn":1,"minecraft:spider":1,"naturalist:duck":4,"minecraft:sheep":1,"minecraft:chicken":1,"earthmobsmod:fancy_chicken":1,"luminousworld:monarch":1,"born_in_chaos_v1:firelight_not_despawn":2,"minecraft:cow":2},"minecraft:mined":{"luminousworld:groundpebbles_1":1,"minecraft:acacia_leaves":2,"minecraft:mossy_cobblestone":1,"luminousworld:grassvariant_4":3,"luminousworld:blue_petunias":1,"minecraft:crafting_table":3,"minecraft:torch":1,"minecraft:acacia_log":22,"minecraft:grass_block":8,"minecraft:poppy":1,"luminousworld:grassvariant_2":2,"minecraft:cobblestone":2,"minecraft:spruce_leaves":10,"supplementaries:urn":1,"placeablesmod:gold_apple_block":1,"minecraft:furnace":4,"minecraft:iron_ore":1,"minecraft:grass":13,"minecraft:oak_log":2,"minecraft:vine":4,"minecraft:dirt":4,"luminousworld:grassvariant_3":2,"minecraft:stone":48,"minecraft:oak_leaves":10,"minecraft:deepslate":20}},"DataVersion":3465}