{"stats":{"minecraft:broken":{"minecraft:stone_sword":1},"minecraft:killed_by":{"undead_revamp2:the_moonflower":2,"born_in_chaos_v1:diamond_termite":1,"minecraft:spider":1,"minecraft:zombie":1,"enemyexpansion:direwolf":1},"minecraft:used":{"minecraft:cooked_mutton":7,"minecraft:stone_sword":182,"mowziesmobs:umvuthana_mask_fear":1,"minecraft:stone_pickaxe":75,"minecraft:wooden_pickaxe":31,"minecraft:iron_sword":3,"minecraft:cooked_chicken":1,"minecraft:white_wool":5,"minecraft:torch":7,"minecraft:dirt":2,"minecraft:crafting_table":7,"minecraft:wooden_axe":32,"minecraft:iron_pickaxe":46,"minecraft:stone_axe":3,"minecraft:cobblestone":31,"naturalist:cooked_duck":4,"minecraft:furnace":6,"tombstone:gift":2,"minecraft:cooked_beef":4,"minecraft:cobbled_deepslate":18,"minecraft:acacia_planks":6},"minecraft:picked_up":{"luminousworld:groundpebbles_1":2,"mowziesmobs:umvuthana_mask_fury":1,"minecraft:crafting_table":7,"minecraft:feather":7,"minecraft:cooked_beef":1,"minecraft:chicken":6,"minecraft:glow_ink_sac":1,"minecraft:chest_minecart":1,"minecraft:leather":8,"earthmobsmod:fancy_egg":1,"minecraft:cooked_rabbit":1,"minecraft:oak_log":2,"tombstone:grave_key":1,"minecraft:gunpowder":1,"minecraft:dirt":12,"minecraft:string":1,"born_in_chaos_v1:intoxicating_decoction":2,"minecraft:bone":9,"minecraft:iron_ingot":2,"minecraft:wheat_seeds":9,"minecraft:gold_nugget":31,"minecraft:cobbled_deepslate":24,"minecraft:rabbit_hide":1,"minecraft:beef":23,"earthmobsmod:fancy_feather":2,"minecraft:rabbit":1,"minecraft:furnace":10,"minecraft:egg":4,"minecraft:stick":2,"minecraft:raw_iron":25,"naturalist:duck":4,"luminousworld:blue_petunias":1,"minecraft:torch":1,"minecraft:acacia_log":22,"minecraft:dandelion":1,"minecraft:spruce_sapling":5,"tombstone:grave_dust":2,"alexsmobs:animal_dictionary":1,"naturalist:duck_egg":3,"minecraft:mossy_cobblestone":1,"minecraft:arrow":2,"minecraft:rotten_flesh":2,"born_in_chaos_v1:fire_dust":2,"minecraft:diamond":1,"minecraft:golden_apple":1,"mowziesmobs:umvuthana_mask_fear":1,"supplementaries:ash":10,"minecraft:oak_sapling":1,"minecraft:black_wool":1,"minecraft:mutton":8,"minecraft:coal":167,"minecraft:white_wool":5,"minecraft:cobblestone":50,"minecraft:sunflower":4},"minecraft:crafted":{"minecraft:cooked_beef":8,"naturalist:cooked_duck":4,"minecraft:oak_planks":8,"minecraft:crafting_table":2,"minecraft:wooden_pickaxe":1,"minecraft:cooked_chicken":1,"minecraft:iron_sword":1,"minecraft:stone_axe":1,"minecraft:cooked_mutton":7,"minecraft:air":0,"minecraft:shield":1,"minecraft:stick":12,"minecraft:iron_pickaxe":1,"minecraft:iron_ingot":4,"minecraft:stone_pickaxe":1,"minecraft:wooden_axe":1,"minecraft:stone_sword":1,"minecraft:acacia_planks":36},"minecraft:dropped":{"minecraft:furnace":2,"minecraft:stone_axe":1,"minecraft:cooked_beef":5,"minecraft:cobblestone":9,"minecraft:stick":1,"tombstone:grave_key":1,"minecraft:wooden_axe":1,"minecraft:sunflower":4,"minecraft:black_wool":1,"mowziesmobs:umvuthana_mask_fury":1},"minecraft:custom":{"minecraft:interact_with_furnace":20,"minecraft:mob_kills":44,"minecraft:interact_with_crafting_table":14,"minecraft:damage_dealt_resisted":15,"minecraft:leave_game":9,"minecraft:time_since_death":7186,"minecraft:climb_one_cm":10618,"minecraft:time_since_rest":5330,"minecraft:sprint_one_cm":271891,"minecraft:damage_taken":2654,"minecraft:walk_one_cm":282973,"minecraft:drop":14,"minecraft:damage_dealt":5210,"minecraft:player_kills":1,"minecraft:swim_one_cm":9870,"minecraft:fly_one_cm":721719,"minecraft:open_chest":3,"minecraft:crouch_one_cm":1477,"minecraft:play_time":101458,"tombstone:undead_killed":4,"minecraft:deaths":7,"minecraft:sneak_time":1298,"minecraft:walk_under_water_one_cm":5329,"minecraft:jump":2988,"minecraft:interact_with_brewingstand":1,"minecraft:walk_on_water_one_cm":18411,"minecraft:total_world_time":101458,"minecraft:fall_one_cm":73746},"minecraft:killed":{"earthmobsmod:hyper_rabbit":1,"born_in_chaos_v1:zombie_clown_not_despawn":1,"undead_revamp2:the_moonflower":1,"minecraft:spider":2,"mowziesmobs:umvuthana_follower_raptor":4,"earthmobsmod:cream_cow":1,"enemyexpansion:direwolf":1,"naturalist:duck":4,"minecraft:skeleton":1,"minecraft:sheep":6,"minecraft:chicken":5,"born_in_chaos_v1:corpse_fly":1,"earthmobsmod:fancy_chicken":1,"luminousworld:monarch":1,"mowziesmobs:umvuthana_raptor":1,"luminousworld:savannah_zombie":1,"born_in_chaos_v1:firelight_not_despawn":2,"minecraft:cow":10},"minecraft:mined":{"luminousworld:groundpebbles_1":1,"minecraft:acacia_leaves":2,"minecraft:mossy_cobblestone":1,"minecraft:deepslate_diamond_ore":1,"luminousworld:grassvariant_4":3,"luminousworld:blue_petunias":1,"born_in_chaos_v1:infected_diamond_ore":2,"minecraft:crafting_table":7,"minecraft:torch":1,"minecraft:acacia_log":22,"minecraft:grass_block":8,"minecraft:poppy":1,"luminousworld:grassvariant_2":2,"minecraft:tall_grass":4,"minecraft:cobblestone":4,"minecraft:spruce_leaves":10,"supplementaries:urn":5,"placeablesmod:gold_apple_block":1,"minecraft:furnace":8,"minecraft:iron_ore":5,"minecraft:grass":48,"minecraft:oak_log":2,"minecraft:deepslate_iron_ore":21,"minecraft:vine":4,"minecraft:sunflower":5,"minecraft:dirt":4,"luminousworld:grassvariant_3":2,"minecraft:stone":48,"minecraft:oak_leaves":10,"minecraft:deepslate":23}},"DataVersion":3465}