{"stats":{"minecraft:killed_by":{"minecraft:spider":1,"undead_revamp2:the_moonflower":1},"minecraft:used":{"minecraft:wooden_axe":19,"minecraft:crafting_table":1,"tombstone:gift":2},"minecraft:picked_up":{"minecraft:acacia_log":22,"minecraft:beef":1,"minecraft:oak_log":2,"tombstone:grave_key":1,"minecraft:dirt":3,"minecraft:egg":1},"minecraft:crafted":{"minecraft:oak_planks":8,"minecraft:acacia_planks":24,"minecraft:crafting_table":2,"minecraft:stick":4,"minecraft:wooden_axe":1},"minecraft:dropped":{"tombstone:grave_key":1},"minecraft:custom":{"minecraft:time_since_rest":3998,"minecraft:sprint_one_cm":42415,"minecraft:play_time":14725,"minecraft:deaths":2,"minecraft:damage_taken":555,"minecraft:walk_one_cm":27248,"minecraft:walk_under_water_one_cm":743,"minecraft:mob_kills":1,"minecraft:drop":1,"minecraft:jump":546,"minecraft:damage_dealt":188,"minecraft:leave_game":3,"minecraft:walk_on_water_one_cm":1378,"minecraft:time_since_death":6036,"minecraft:total_world_time":14725,"minecraft:swim_one_cm":2423,"minecraft:interact_with_crafting_table":1,"minecraft:fall_one_cm":17109,"minecraft:fly_one_cm":156168},"minecraft:killed":{"minecraft:cow":1},"minecraft:mined":{"minecraft:poppy":1,"minecraft:grass":3,"minecraft:acacia_log":22,"minecraft:grass_block":2,"minecraft:oak_log":2,"minecraft:acacia_leaves":2,"minecraft:dirt":1}},"DataVersion":3465}