{"stats":{"minecraft:broken":{"minecraft:wooden_axe":1},"minecraft:killed_by":{"minecraft:player":1,"born_in_chaos_v1:corpse_fish":1,"born_in_chaos_v1:zombie_bruiser":1,"mowziesmobs:umvuthana_raptor":1},"minecraft:used":{"minecraft:rotten_flesh":1,"minecraft:dirt":2,"minecraft:crafting_table":1,"born_in_chaos_v1:corpse_maggot":1,"minecraft:wooden_axe":19,"minecraft:stone_axe":10,"minecraft:beef":5,"tombstone:gift":2,"alexsmobs:animal_dictionary":1,"minecraft:egg":1},"minecraft:crafted":{"minecraft:oak_planks":28,"minecraft:acacia_planks":44},"minecraft:picked_up":{"minecraft:wooden_axe":1,"mowziesmobs:umvuthana_mask_fury":1,"born_in_chaos_v1:corpse_maggot":1,"minecraft:crafting_table":2,"minecraft:feather":2,"minecraft:leather":2,"minecraft:oak_log":7,"minecraft:dirt":2,"minecraft:bone":4,"undead_revamp2:blacpetalblock":1,"minecraft:wheat_seeds":2,"minecraft:iron_ingot":1,"minecraft:beef":5,"minecraft:egg":1,"minecraft:stick":1,"minecraft:acacia_log":11,"tombstone:grave_dust":1,"minecraft:arrow":2,"minecraft:rotten_flesh":6,"minecraft:stone_axe":1,"minecraft:mutton":1,"minecraft:sunflower":6,"minecraft:white_wool":1,"minecraft:cobblestone":9},"minecraft:dropped":{"minecraft:gravel":1,"minecraft:furnace":1,"minecraft:wheat_seeds":2,"minecraft:crafting_table":1,"minecraft:feather":3,"minecraft:rotten_flesh":5,"mowziesmobs:umvuthana_mask_fear":1,"minecraft:oak_planks":2,"minecraft:coal":40,"tombstone:grave_key":2,"tombstone:grave_dust":2,"minecraft:sunflower":6,"minecraft:wooden_pickaxe":1,"minecraft:bone":2},"minecraft:custom":{"minecraft:mob_kills":15,"minecraft:interact_with_crafting_table":1,"minecraft:damage_dealt_resisted":17,"minecraft:leave_game":1,"minecraft:time_since_death":7757,"minecraft:time_since_rest":7202,"minecraft:sprint_one_cm":89539,"minecraft:damage_taken":1499,"minecraft:walk_one_cm":85865,"minecraft:drop":19,"minecraft:damage_dealt":2867,"minecraft:swim_one_cm":3185,"minecraft:fly_one_cm":249709,"minecraft:player_kills":2,"minecraft:crouch_one_cm":1600,"minecraft:play_time":37729,"tombstone:undead_killed":6,"minecraft:deaths":5,"minecraft:sneak_time":414,"minecraft:walk_under_water_one_cm":5518,"tombstone:tomb_raiding":1,"minecraft:jump":1010,"minecraft:walk_on_water_one_cm":5610,"minecraft:total_world_time":37729,"minecraft:fall_one_cm":31607,"minecraft:horse_one_cm":6},"minecraft:killed":{"undead_revamp2:the_moonflower":1,"mowziesmobs:umvuthana_follower_raptor":1,"earthmobsmod:cream_cow":1,"born_in_chaos_v1:decrepit_skeleton":1,"minecraft:sheep":1,"minecraft:skeleton":1,"minecraft:zombie":1,"born_in_chaos_v1:corpse_fly":1,"luminousworld:charaxes":1,"luminousworld:savannah_zombie":2,"minecraft:cow":3},"minecraft:mined":{"minecraft:dandelion":1,"minecraft:acacia_log":11,"minecraft:grass_block":2,"minecraft:tall_grass":5,"minecraft:grass":28,"minecraft:oak_log":6,"minecraft:sunflower":5,"minecraft:oak_leaves":1}},"DataVersion":3465}