{"stats":{"minecraft:picked_up":{"minecraft:sunflower":6},"minecraft:killed_by":{"born_in_chaos_v1:corpse_fish":1},"minecraft:custom":{"minecraft:time_since_rest":1,"minecraft:crouch_one_cm":838,"minecraft:play_time":4391,"minecraft:sprint_one_cm":14583,"minecraft:deaths":1,"minecraft:damage_taken":260,"minecraft:walk_one_cm":6238,"minecraft:sneak_time":130,"minecraft:walk_under_water_one_cm":2153,"minecraft:drop":2,"minecraft:jump":139,"minecraft:damage_dealt":23,"minecraft:leave_game":1,"minecraft:time_since_death":360,"minecraft:walk_on_water_one_cm":2386,"minecraft:total_world_time":4391,"minecraft:swim_one_cm":1762,"minecraft:fall_one_cm":4325,"minecraft:fly_one_cm":41543,"minecraft:horse_one_cm":6},"minecraft:used":{"alexsmobs:animal_dictionary":1},"minecraft:dropped":{"minecraft:sunflower":6},"minecraft:mined":{"minecraft:grass":5,"minecraft:sunflower":5,"minecraft:tall_grass":2,"minecraft:oak_leaves":1}},"DataVersion":3465}