{"stats":{"minecraft:killed_by":{"minecraft:player":1,"born_in_chaos_v1:corpse_fish":1,"born_in_chaos_v1:zombie_bruiser":1},"minecraft:used":{"minecraft:dirt":2,"minecraft:beef":3,"tombstone:gift":2,"alexsmobs:animal_dictionary":1,"minecraft:egg":1},"minecraft:picked_up":{"minecraft:stick":1,"minecraft:acacia_log":5,"minecraft:oak_log":7,"minecraft:dirt":2,"minecraft:bone":2,"minecraft:rotten_flesh":5,"minecraft:beef":3,"minecraft:iron_ingot":1,"minecraft:sunflower":6,"minecraft:egg":1},"minecraft:dropped":{"tombstone:grave_key":2,"minecraft:rotten_flesh":5,"minecraft:sunflower":6,"minecraft:bone":2},"minecraft:custom":{"minecraft:time_since_rest":1820,"minecraft:sprint_one_cm":55283,"minecraft:damage_taken":1046,"minecraft:walk_one_cm":55466,"minecraft:mob_kills":3,"minecraft:drop":6,"minecraft:damage_dealt":707,"minecraft:swim_one_cm":1762,"minecraft:fly_one_cm":170794,"minecraft:crouch_one_cm":1467,"minecraft:play_time":25729,"minecraft:deaths":4,"minecraft:sneak_time":376,"minecraft:walk_under_water_one_cm":5353,"minecraft:jump":638,"minecraft:leave_game":1,"minecraft:time_since_death":2079,"minecraft:walk_on_water_one_cm":3468,"minecraft:total_world_time":25729,"minecraft:fall_one_cm":18232,"minecraft:horse_one_cm":6},"minecraft:killed":{"earthmobsmod:cream_cow":1,"luminousworld:charaxes":1},"minecraft:mined":{"minecraft:dandelion":1,"minecraft:grass":15,"minecraft:acacia_log":5,"minecraft:grass_block":2,"minecraft:oak_log":6,"minecraft:sunflower":5,"minecraft:tall_grass":3,"minecraft:oak_leaves":1}},"DataVersion":3465}