{"stats":{"minecraft:broken":{"minecraft:stone_axe":1,"minecraft:wooden_axe":1},"minecraft:killed_by":{"minecraft:player":1,"born_in_chaos_v1:zombie_bruiser":1,"minecraft:zombie":1,"born_in_chaos_v1:corpse_fish":1,"mowziesmobs:umvuthana_raptor":1},"minecraft:used":{"born_in_chaos_v1:ethereal_spirit":4,"tombstone:scroll_of_frost_resistance":3,"minecraft:rotten_flesh":1,"minecraft:torch":1,"minecraft:dirt":2,"minecraft:mutton":3,"minecraft:tuff":1,"born_in_chaos_v1:corpse_maggot":1,"minecraft:wooden_axe":19,"minecraft:beef":5,"ecologics:walnut":1,"tombstone:gift":2,"minecraft:egg":1,"minecraft:cooked_beef":8,"minecraft:acacia_planks":15,"minecraft:stone_pickaxe":83,"luminousworld:groundpebbles_1":1,"naturalist:duck_egg":1,"minecraft:glow_berries":4,"minecraft:crafting_table":2,"minecraft:stone_axe":81,"minecraft:cobblestone":48,"minecraft:cooked_porkchop":5,"alexsmobs:animal_dictionary":1},"minecraft:crafted":{"minecraft:oak_planks":48,"minecraft:cooked_chicken":1,"minecraft:cooked_beef":9,"minecraft:air":0,"minecraft:acacia_planks":44},"minecraft:picked_up":{"minecraft:wooden_axe":1,"luminousworld:groundpebbles_1":4,"minecraft:crafting_table":3,"minecraft:chain":1,"minecraft:raw_copper":9,"ecologics:walnut_sapling":2,"minecraft:cobbled_deepslate":12,"minecraft:beef":6,"minecraft:egg":1,"minecraft:furnace":2,"minecraft:stick":1,"naturalist:duck":1,"ecologics:walnut_log":5,"minecraft:torch":4,"minecraft:acacia_log":24,"quark:yellow_corundum_cluster":8,"luminousworld:savannah_soil":5,"tombstone:grave_dust":1,"quark:yellow_corundum":2,"minecraft:arrow":2,"minecraft:rotten_flesh":8,"luminousworld:yellow_grassflowers":1,"minecraft:red_tulip":1,"minecraft:glow_berries":3,"minecraft:mutton":3,"minecraft:white_wool":2,"minecraft:cobblestone":38,"born_in_chaos_v1:corpse_maggot":1,"mowziesmobs:umvuthana_mask_fury":1,"luminousworld:savannah_ground":1,"ecologics:walnut":2,"minecraft:feather":2,"minecraft:cooked_beef":8,"luminousworld:ishstone":3,"minecraft:leather":2,"minecraft:tuff":1,"minecraft:oak_log":12,"minecraft:gunpowder":2,"minecraft:dirt":15,"minecraft:bone":7,"undead_revamp2:blacpetalblock":1,"minecraft:wheat_seeds":4,"minecraft:iron_ingot":1,"minecraft:cooked_porkchop":5,"born_in_chaos_v1:ethereal_spirit":3,"naturalist:duck_egg":1,"minecraft:bundle":1,"born_in_chaos_v1:fire_dust":1,"minecraft:stone_axe":1,"minecraft:granite":4,"minecraft:gray_wool":1,"minecraft:oak_sapling":1,"minecraft:black_wool":1,"minecraft:coal":20,"minecraft:sunflower":10},"minecraft:dropped":{"minecraft:iron_ingot":1,"minecraft:wheat_seeds":2,"minecraft:cooked_beef":6,"minecraft:crafting_table":1,"minecraft:feather":3,"mowziesmobs:umvuthana_mask_fear":1,"minecraft:granite":1,"minecraft:acacia_log":13,"minecraft:coal":40,"tombstone:grave_key":2,"tombstone:grave_dust":2,"minecraft:sunflower":10,"minecraft:bone":2,"minecraft:gravel":1,"minecraft:furnace":1,"minecraft:cooked_chicken":1,"born_in_chaos_v1:fire_dust":1,"minecraft:raw_copper":9,"born_in_chaos_v1:ethereal_spirit":2,"minecraft:rotten_flesh":5,"minecraft:oak_planks":2,"quark:yellow_corundum_cluster":8,"ecologics:walnut":1,"minecraft:wooden_pickaxe":1,"minecraft:black_wool":1,"naturalist:duck":1},"minecraft:custom":{"minecraft:mob_kills":29,"minecraft:interact_with_crafting_table":5,"minecraft:damage_dealt_resisted":17,"minecraft:leave_game":3,"minecraft:time_since_death":52129,"minecraft:sprint_one_cm":233207,"minecraft:walk_one_cm":173086,"minecraft:drop":40,"minecraft:play_time":107660,"minecraft:deaths":8,"minecraft:sneak_time":2976,"minecraft:walk_under_water_one_cm":11210,"tombstone:tomb_raiding":1,"minecraft:jump":2435,"minecraft:walk_on_water_one_cm":21779,"minecraft:total_world_time":107660,"minecraft:interact_with_furnace":9,"minecraft:time_since_rest":50762,"minecraft:damage_taken":3443,"minecraft:damage_dealt":5702,"minecraft:swim_one_cm":23337,"minecraft:player_kills":2,"minecraft:fly_one_cm":523599,"minecraft:open_chest":4,"minecraft:crouch_one_cm":6540,"tombstone:undead_killed":13,"minecraft:fall_one_cm":80273,"minecraft:horse_one_cm":6},"minecraft:killed":{"undead_revamp2:thehunter":1,"born_in_chaos_v1:skeleton_demoman":1,"undead_revamp2:thesmoker":1,"naturalist:duck":1,"minecraft:skeleton":1,"minecraft:chicken":1,"luminousworld:charaxes":1,"luminousworld:savannah_zombie":2,"born_in_chaos_v1:firelight_not_despawn":1,"undead_revamp2:the_moonflower":2,"earthmobsmod:lobber_zombie":1,"mowziesmobs:umvuthana_follower_raptor":1,"earthmobsmod:cream_cow":1,"minecraft:creeper":1,"born_in_chaos_v1:decrepit_skeleton":2,"minecraft:sheep":3,"minecraft:zombie":2,"born_in_chaos_v1:corpse_fly":1,"bettermobs:capivara":1,"minecraft:cow":3},"minecraft:mined":{"minecraft:glow_lichen":1,"minecraft:granite":3,"minecraft:acacia_log":11,"minecraft:grass_block":4,"luminousworld:grassvariant_2":5,"quark:yellow_corundum":3,"luminousworld:groundpebbles_3":1,"minecraft:spawner":1,"minecraft:furnace":1,"luminousworld:yellow_grassflowers":1,"minecraft:red_tulip":1,"luminousworld:groundpebbles_2":1,"ecologics:walnut_log":5,"minecraft:stone":29,"luminousworld:savannah_soil":3,"minecraft:dandelion":1,"minecraft:crafting_table":1,"ecologics:walnut_leaves":2,"minecraft:tall_grass":5,"minecraft:copper_ore":2,"minecraft:cobblestone":2,"minecraft:grass":35,"minecraft:oak_log":11,"minecraft:coal_ore":20,"minecraft:sunflower":5,"minecraft:dirt":2,"quark:yellow_corundum_cluster":2,"minecraft:oak_leaves":2,"minecraft:deepslate":11,"luminousworld:savannah_ground":1}},"DataVersion":3465}