{"stats":{"minecraft:killed_by":{"born_in_chaos_v1:corpse_fish":1},"minecraft:used":{"minecraft:beef":3,"tombstone:gift":2,"alexsmobs:animal_dictionary":1},"minecraft:picked_up":{"minecraft:beef":3,"minecraft:sunflower":6},"minecraft:dropped":{"minecraft:sunflower":6,"tombstone:grave_key":2},"minecraft:custom":{"minecraft:time_since_rest":1,"minecraft:crouch_one_cm":838,"minecraft:sprint_one_cm":36909,"minecraft:play_time":13729,"minecraft:damage_taken":585,"minecraft:deaths":2,"minecraft:walk_one_cm":23069,"minecraft:sneak_time":135,"minecraft:walk_under_water_one_cm":4221,"minecraft:mob_kills":1,"minecraft:drop":4,"minecraft:jump":455,"minecraft:damage_dealt":214,"minecraft:leave_game":1,"minecraft:walk_on_water_one_cm":2598,"minecraft:time_since_death":640,"minecraft:total_world_time":13729,"minecraft:swim_one_cm":1762,"minecraft:fall_one_cm":13692,"minecraft:fly_one_cm":125200,"minecraft:horse_one_cm":6},"minecraft:killed":{"earthmobsmod:cream_cow":1},"minecraft:mined":{"minecraft:grass":7,"minecraft:sunflower":5,"minecraft:tall_grass":2,"minecraft:dandelion":1,"minecraft:oak_leaves":1}},"DataVersion":3465}