{"stats":{"minecraft:broken":{"minecraft:wooden_axe":1},"minecraft:killed_by":{"minecraft:player":1,"minecraft:zombie":1,"born_in_chaos_v1:corpse_fish":1,"born_in_chaos_v1:zombie_bruiser":1,"mowziesmobs:umvuthana_raptor":1},"minecraft:used":{"tombstone:scroll_of_frost_resistance":3,"minecraft:stone_pickaxe":74,"minecraft:rotten_flesh":1,"naturalist:duck_egg":1,"minecraft:torch":1,"minecraft:glow_berries":4,"minecraft:dirt":2,"minecraft:mutton":3,"minecraft:crafting_table":2,"born_in_chaos_v1:corpse_maggot":1,"minecraft:wooden_axe":19,"minecraft:stone_axe":78,"minecraft:cobblestone":33,"minecraft:beef":5,"minecraft:cooked_porkchop":5,"ecologics:walnut":1,"tombstone:gift":2,"alexsmobs:animal_dictionary":1,"minecraft:egg":1,"minecraft:cooked_beef":8,"minecraft:acacia_planks":15},"minecraft:crafted":{"minecraft:cooked_beef":8,"minecraft:oak_planks":48,"minecraft:air":0,"minecraft:acacia_planks":44},"minecraft:picked_up":{"minecraft:wooden_axe":1,"mowziesmobs:umvuthana_mask_fury":1,"luminousworld:groundpebbles_1":3,"born_in_chaos_v1:corpse_maggot":1,"ecologics:walnut":2,"minecraft:crafting_table":3,"minecraft:feather":2,"minecraft:cooked_beef":8,"luminousworld:ishstone":3,"minecraft:leather":2,"minecraft:tuff":1,"minecraft:oak_log":12,"minecraft:gunpowder":2,"minecraft:dirt":15,"minecraft:raw_copper":9,"minecraft:bone":6,"ecologics:walnut_sapling":2,"undead_revamp2:blacpetalblock":1,"minecraft:wheat_seeds":4,"minecraft:cobbled_deepslate":12,"minecraft:iron_ingot":1,"minecraft:beef":5,"minecraft:furnace":2,"minecraft:egg":1,"minecraft:stick":1,"naturalist:duck":1,"minecraft:cooked_porkchop":5,"ecologics:walnut_log":5,"minecraft:torch":4,"minecraft:acacia_log":11,"quark:yellow_corundum_cluster":8,"tombstone:grave_dust":1,"naturalist:duck_egg":1,"minecraft:bundle":1,"quark:yellow_corundum":2,"born_in_chaos_v1:fire_dust":1,"minecraft:arrow":2,"minecraft:rotten_flesh":7,"luminousworld:yellow_grassflowers":1,"minecraft:stone_axe":1,"minecraft:granite":4,"minecraft:red_tulip":1,"minecraft:coal":20,"minecraft:glow_berries":3,"minecraft:gray_wool":1,"minecraft:oak_sapling":1,"minecraft:black_wool":1,"minecraft:mutton":3,"minecraft:sunflower":10,"minecraft:white_wool":2,"minecraft:cobblestone":38},"minecraft:dropped":{"minecraft:gravel":1,"minecraft:furnace":1,"minecraft:wheat_seeds":2,"minecraft:cooked_beef":6,"born_in_chaos_v1:fire_dust":1,"minecraft:crafting_table":1,"minecraft:feather":3,"minecraft:rotten_flesh":5,"mowziesmobs:umvuthana_mask_fear":1,"minecraft:oak_planks":2,"minecraft:granite":1,"minecraft:coal":40,"ecologics:walnut":1,"tombstone:grave_key":2,"tombstone:grave_dust":2,"minecraft:sunflower":10,"minecraft:wooden_pickaxe":1,"minecraft:black_wool":1,"naturalist:duck":1,"minecraft:bone":2},"minecraft:custom":{"minecraft:interact_with_furnace":6,"minecraft:mob_kills":27,"minecraft:interact_with_crafting_table":5,"minecraft:damage_dealt_resisted":17,"minecraft:leave_game":2,"minecraft:time_since_death":29701,"minecraft:time_since_rest":28334,"minecraft:sprint_one_cm":216927,"minecraft:damage_taken":3303,"minecraft:walk_one_cm":157822,"minecraft:drop":26,"minecraft:damage_dealt":5246,"minecraft:swim_one_cm":20826,"minecraft:fly_one_cm":497037,"minecraft:player_kills":2,"minecraft:open_chest":4,"minecraft:crouch_one_cm":5100,"minecraft:play_time":85232,"tombstone:undead_killed":12,"minecraft:deaths":8,"minecraft:sneak_time":2160,"minecraft:walk_under_water_one_cm":11146,"tombstone:tomb_raiding":1,"minecraft:jump":2215,"minecraft:walk_on_water_one_cm":21391,"minecraft:total_world_time":85232,"minecraft:fall_one_cm":73269,"minecraft:horse_one_cm":6},"minecraft:killed":{"born_in_chaos_v1:skeleton_demoman":1,"undead_revamp2:the_moonflower":2,"earthmobsmod:lobber_zombie":1,"undead_revamp2:thesmoker":1,"mowziesmobs:umvuthana_follower_raptor":1,"earthmobsmod:cream_cow":1,"naturalist:duck":1,"minecraft:creeper":1,"born_in_chaos_v1:decrepit_skeleton":2,"minecraft:sheep":3,"minecraft:skeleton":1,"minecraft:zombie":2,"minecraft:chicken":1,"born_in_chaos_v1:corpse_fly":1,"luminousworld:charaxes":1,"born_in_chaos_v1:firelight_not_despawn":1,"luminousworld:savannah_zombie":2,"minecraft:cow":3},"minecraft:mined":{"minecraft:dandelion":1,"minecraft:crafting_table":1,"minecraft:glow_lichen":1,"minecraft:granite":3,"minecraft:acacia_log":11,"minecraft:grass_block":4,"ecologics:walnut_leaves":2,"quark:yellow_corundum":3,"luminousworld:grassvariant_2":5,"minecraft:copper_ore":2,"minecraft:tall_grass":5,"minecraft:cobblestone":2,"luminousworld:groundpebbles_3":1,"minecraft:spawner":1,"minecraft:furnace":1,"luminousworld:yellow_grassflowers":1,"minecraft:coal_ore":20,"minecraft:grass":34,"minecraft:red_tulip":1,"minecraft:oak_log":11,"minecraft:sunflower":5,"minecraft:dirt":2,"quark:yellow_corundum_cluster":2,"minecraft:stone":29,"minecraft:deepslate":11,"ecologics:walnut_log":5,"minecraft:oak_leaves":2}},"DataVersion":3465}