{"stats":{"minecraft:broken":{"minecraft:stone_pickaxe":1,"minecraft:wooden_pickaxe":1},"minecraft:killed_by":{"born_in_chaos_v1:corpse_fly":1,"luminousworld:savannah_skeleton":1},"minecraft:picked_up":{"born_in_chaos_v1:corpse_maggot":5,"minecraft:crafting_table":4,"minecraft:flint":1,"minecraft:oak_log":1,"minecraft:lapis_lazuli":51,"minecraft:acacia_door":11,"minecraft:bone":4,"minecraft:oak_planks":2,"minecraft:acacia_sapling":1,"minecraft:raw_iron":21,"minecraft:acacia_log":15,"minecraft:gravel":10,"tombstone:grave_dust":1,"minecraft:arrow":6,"minecraft:rotten_flesh":5,"minecraft:granite":1,"tombstone:essence_of_undeath":1,"minecraft:black_wool":1,"minecraft:mutton":2,"minecraft:coal":51,"minecraft:white_wool":1,"minecraft:cobblestone":132},"minecraft:killed":{"enemyexpansion:direwolf":1,"born_in_chaos_v1:zombie_bruiser":1,"born_in_chaos_v1:decrepit_skeleton":1,"born_in_chaos_v1:maggot":1,"minecraft:sheep":2,"luminousworld:savannah_skeleton":1,"undead_revamp2:thesomnolence":2,"minecraft:zombie":2,"born_in_chaos_v1:corpse_fly":3,"luminousworld:charaxes":1,"luminousworld:savannah_zombie":3},"minecraft:custom":{"minecraft:interact_with_furnace":13,"minecraft:mob_kills":19,"minecraft:interact_with_crafting_table":13,"minecraft:leave_game":3,"minecraft:time_since_death":6046,"minecraft:time_since_rest":5007,"minecraft:sprint_one_cm":34356,"minecraft:damage_taken":927,"minecraft:walk_one_cm":106962,"tombstone:sneak_grave":1,"minecraft:drop":7,"minecraft:damage_dealt":3425,"minecraft:swim_one_cm":101311,"minecraft:fly_one_cm":69345,"minecraft:crouch_one_cm":3343,"minecraft:play_time":44357,"tombstone:undead_killed":8,"minecraft:deaths":3,"minecraft:sneak_time":1196,"minecraft:walk_under_water_one_cm":23606,"minecraft:jump":626,"minecraft:walk_on_water_one_cm":8171,"minecraft:total_world_time":44357,"minecraft:fall_one_cm":4453},"minecraft:dropped":{"minecraft:flint":1,"born_in_chaos_v1:corpse_maggot":5,"minecraft:iron_pickaxe":1},"minecraft:used":{"minecraft:stone_sword":76,"minecraft:stone_pickaxe":182,"minecraft:oak_planks":2,"minecraft:wooden_pickaxe":46,"minecraft:leather_boots":1,"minecraft:rotten_flesh":1,"minecraft:crafting_table":5,"minecraft:acacia_sapling":1,"minecraft:acacia_door":11,"minecraft:iron_pickaxe":1,"minecraft:gravel":10,"minecraft:stone_axe":12,"minecraft:cobblestone":47,"minecraft:furnace":1,"tombstone:gift":4},"minecraft:mined":{"minecraft:acacia_leaves":2,"minecraft:crafting_table":4,"minecraft:granite":1,"minecraft:acacia_log":15,"minecraft:tall_grass":1,"minecraft:cobblestone":4,"minecraft:lapis_ore":10,"minecraft:oak_planks":2,"minecraft:iron_ore":21,"minecraft:grass":5,"minecraft:coal_ore":51,"minecraft:gravel":14,"minecraft:acacia_door":11,"minecraft:stone":128},"minecraft:crafted":{"minecraft:oak_planks":4,"minecraft:leather_boots":1,"minecraft:crafting_table":2,"minecraft:wooden_pickaxe":1,"minecraft:furnace":1,"minecraft:stone_axe":1,"minecraft:air":0,"minecraft:iron_chestplate":1,"minecraft:leather":4,"minecraft:stick":16,"minecraft:iron_ingot":21,"minecraft:iron_pickaxe":2,"minecraft:stone_pickaxe":2,"minecraft:stone_sword":1,"minecraft:acacia_door":6,"minecraft:iron_leggings":1,"minecraft:acacia_planks":60}},"DataVersion":3465}