{"stats":{"minecraft:broken":{"minecraft:stone_pickaxe":1,"minecraft:wooden_pickaxe":1},"minecraft:killed_by":{"luminousworld:savannah_skeleton":1},"minecraft:used":{"minecraft:stone_sword":24,"minecraft:acacia_door":10,"minecraft:stone_pickaxe":179,"minecraft:oak_planks":2,"minecraft:wooden_pickaxe":46,"minecraft:gravel":10,"minecraft:leather_boots":1,"minecraft:stone_axe":10,"minecraft:cobblestone":39,"minecraft:crafting_table":5,"minecraft:furnace":1,"tombstone:gift":2,"minecraft:acacia_sapling":1},"minecraft:crafted":{"minecraft:oak_planks":4,"minecraft:leather":4,"minecraft:leather_boots":1,"minecraft:crafting_table":2,"minecraft:stick":12,"minecraft:wooden_pickaxe":1,"minecraft:stone_pickaxe":2,"minecraft:stone_sword":1,"minecraft:acacia_door":6,"minecraft:furnace":1,"minecraft:acacia_planks":60,"minecraft:stone_axe":1,"minecraft:air":0},"minecraft:picked_up":{"minecraft:raw_iron":21,"minecraft:crafting_table":4,"minecraft:acacia_log":15,"minecraft:gravel":10,"minecraft:flint":1,"minecraft:oak_log":1,"tombstone:grave_dust":1,"minecraft:lapis_lazuli":51,"minecraft:acacia_door":9,"minecraft:rotten_flesh":4,"minecraft:granite":1,"tombstone:essence_of_undeath":1,"minecraft:oak_planks":2,"minecraft:acacia_sapling":1,"minecraft:coal":48,"minecraft:cobblestone":130},"minecraft:dropped":{"minecraft:flint":1},"minecraft:custom":{"minecraft:time_since_rest":9175,"minecraft:interact_with_furnace":3,"minecraft:sprint_one_cm":24818,"minecraft:damage_taken":685,"minecraft:walk_one_cm":65929,"tombstone:sneak_grave":1,"minecraft:mob_kills":7,"minecraft:drop":1,"minecraft:damage_dealt":1534,"minecraft:swim_one_cm":89740,"minecraft:interact_with_crafting_table":8,"minecraft:fly_one_cm":54886,"minecraft:crouch_one_cm":600,"minecraft:deaths":2,"minecraft:play_time":32930,"tombstone:undead_killed":4,"minecraft:sneak_time":648,"minecraft:walk_under_water_one_cm":21241,"minecraft:jump":351,"minecraft:walk_on_water_one_cm":6457,"minecraft:leave_game":1,"minecraft:time_since_death":10454,"minecraft:total_world_time":32930,"minecraft:fall_one_cm":3193},"minecraft:killed":{"luminousworld:savannah_skeleton":1,"minecraft:zombie":1,"luminousworld:charaxes":1,"luminousworld:savannah_zombie":1,"born_in_chaos_v1:zombie_bruiser":1,"born_in_chaos_v1:maggot":1},"minecraft:mined":{"minecraft:acacia_leaves":2,"minecraft:iron_ore":21,"minecraft:crafting_table":4,"minecraft:granite":1,"minecraft:grass":5,"minecraft:acacia_log":15,"minecraft:coal_ore":49,"minecraft:gravel":14,"minecraft:acacia_door":9,"minecraft:lapis_ore":10,"minecraft:cobblestone":3,"minecraft:stone":127,"minecraft:oak_planks":2}},"DataVersion":3465}