{"stats":{"minecraft:broken":{"minecraft:stone_pickaxe":1},"minecraft:used":{"minecraft:cobblestone":5,"minecraft:crafting_table":2,"minecraft:stone_pickaxe":130,"minecraft:acacia_sapling":1,"minecraft:wooden_pickaxe":32,"minecraft:gravel":1},"minecraft:crafted":{"minecraft:acacia_planks":60,"minecraft:crafting_table":1,"minecraft:stick":8,"minecraft:stone_pickaxe":1,"minecraft:wooden_pickaxe":1},"minecraft:picked_up":{"minecraft:crafting_table":1,"minecraft:acacia_log":15,"minecraft:gravel":4,"minecraft:flint":1,"tombstone:grave_dust":1,"minecraft:coal":39,"minecraft:acacia_sapling":1,"minecraft:cobblestone":122},"minecraft:dropped":{"minecraft:flint":1},"minecraft:custom":{"minecraft:time_since_rest":10349,"minecraft:play_time":10349,"minecraft:sprint_one_cm":9019,"minecraft:damage_taken":35,"tombstone:undead_killed":1,"minecraft:walk_one_cm":34409,"minecraft:mob_kills":3,"minecraft:drop":1,"minecraft:jump":96,"minecraft:damage_dealt":119,"minecraft:leave_game":1,"minecraft:time_since_death":10349,"minecraft:total_world_time":10349,"minecraft:interact_with_crafting_table":2,"minecraft:fall_one_cm":1939,"minecraft:fly_one_cm":16851},"minecraft:killed":{"luminousworld:charaxes":1,"luminousworld:savannah_zombie":1,"born_in_chaos_v1:maggot":1},"minecraft:mined":{"minecraft:grass":5,"minecraft:acacia_log":15,"minecraft:coal_ore":39,"minecraft:acacia_leaves":2,"minecraft:gravel":6,"minecraft:stone":122,"minecraft:crafting_table":1}},"DataVersion":3465}