{"stats":{"minecraft:broken":{"minecraft:stone_pickaxe":1,"minecraft:wooden_pickaxe":1},"minecraft:killed_by":{"luminousworld:savannah_skeleton":1},"minecraft:used":{"minecraft:stone_sword":24,"minecraft:stone_pickaxe":133,"minecraft:wooden_pickaxe":46,"minecraft:gravel":9,"minecraft:leather_boots":1,"minecraft:cobblestone":29,"minecraft:crafting_table":3,"minecraft:furnace":1,"minecraft:acacia_sapling":1},"minecraft:crafted":{"minecraft:oak_planks":4,"minecraft:leather":4,"minecraft:leather_boots":1,"minecraft:crafting_table":1,"minecraft:stick":8,"minecraft:wooden_pickaxe":1,"minecraft:stone_pickaxe":2,"minecraft:stone_sword":1,"minecraft:furnace":1,"minecraft:acacia_planks":60,"minecraft:air":0},"minecraft:picked_up":{"minecraft:crafting_table":2,"minecraft:acacia_log":15,"minecraft:gravel":10,"minecraft:flint":1,"minecraft:oak_log":1,"tombstone:grave_dust":1,"minecraft:rotten_flesh":4,"tombstone:essence_of_undeath":1,"minecraft:acacia_sapling":1,"minecraft:coal":39,"minecraft:cobblestone":126},"minecraft:dropped":{"minecraft:flint":1},"minecraft:custom":{"minecraft:time_since_rest":394,"minecraft:interact_with_furnace":3,"minecraft:sprint_one_cm":19369,"minecraft:damage_taken":255,"minecraft:walk_one_cm":62493,"minecraft:mob_kills":7,"minecraft:drop":1,"minecraft:damage_dealt":1534,"minecraft:swim_one_cm":1661,"minecraft:interact_with_crafting_table":6,"minecraft:fly_one_cm":39484,"minecraft:crouch_one_cm":493,"minecraft:deaths":1,"minecraft:play_time":20930,"tombstone:undead_killed":4,"minecraft:sneak_time":159,"minecraft:walk_under_water_one_cm":190,"minecraft:jump":269,"minecraft:walk_on_water_one_cm":327,"minecraft:leave_game":1,"minecraft:time_since_death":1390,"minecraft:total_world_time":20930,"minecraft:fall_one_cm":3193},"minecraft:killed":{"luminousworld:savannah_skeleton":1,"minecraft:zombie":1,"luminousworld:charaxes":1,"luminousworld:savannah_zombie":1,"born_in_chaos_v1:zombie_bruiser":1,"born_in_chaos_v1:maggot":1},"minecraft:mined":{"minecraft:acacia_leaves":2,"minecraft:crafting_table":2,"minecraft:grass":5,"minecraft:acacia_log":15,"minecraft:coal_ore":39,"minecraft:gravel":14,"minecraft:cobblestone":3,"minecraft:stone":123}},"DataVersion":3465}