{"stats":{"minecraft:broken":{"minecraft:stone_pickaxe":1,"minecraft:wooden_pickaxe":1},"minecraft:killed_by":{"mutantmonsters:mutant_skeleton":1,"born_in_chaos_v1:corpse_fly":1,"luminousworld:savannah_skeleton":1},"minecraft:used":{"minecraft:stone_sword":161,"minecraft:stone_pickaxe":182,"minecraft:oak_planks":2,"minecraft:wooden_pickaxe":46,"minecraft:leather_boots":1,"minecraft:rotten_flesh":1,"minecraft:white_wool":2,"minecraft:crafting_table":5,"minecraft:acacia_sapling":1,"minecraft:acacia_door":11,"minecraft:iron_pickaxe":50,"minecraft:gravel":10,"minecraft:stone_axe":13,"minecraft:cobblestone":78,"minecraft:cooked_porkchop":3,"minecraft:furnace":1,"tombstone:gift":6},"minecraft:crafted":{"minecraft:oak_planks":4,"minecraft:leather_boots":1,"minecraft:crafting_table":2,"minecraft:wooden_pickaxe":1,"minecraft:furnace":1,"minecraft:stone_axe":1,"minecraft:air":0,"minecraft:iron_chestplate":1,"minecraft:leather":4,"minecraft:stick":16,"minecraft:iron_ingot":21,"minecraft:iron_pickaxe":2,"minecraft:stone_pickaxe":2,"minecraft:stone_sword":1,"minecraft:acacia_door":6,"minecraft:iron_leggings":1,"minecraft:acacia_planks":60},"minecraft:picked_up":{"quark:crimson_chest":1,"born_in_chaos_v1:corpse_maggot":5,"minecraft:crafting_table":5,"minecraft:feather":4,"minecraft:chicken":5,"minecraft:glow_ink_sac":1,"minecraft:flint":1,"minecraft:oak_log":1,"supplementaries:flax_seeds":3,"minecraft:lapis_lazuli":51,"minecraft:acacia_door":11,"minecraft:bone":7,"minecraft:wheat_seeds":3,"minecraft:oak_planks":2,"minecraft:acacia_sapling":1,"minecraft:raw_iron":24,"minecraft:cooked_porkchop":4,"minecraft:acacia_log":15,"minecraft:gravel":10,"tombstone:grave_dust":1,"minecraft:arrow":7,"minecraft:rotten_flesh":7,"minecraft:granite":1,"tombstone:essence_of_undeath":1,"minecraft:netherrack":20,"minecraft:black_wool":1,"undead_revamp2:arapholia":1,"minecraft:mutton":2,"minecraft:coal":51,"minecraft:white_wool":3,"minecraft:cobblestone":133,"minecraft:sunflower":1},"minecraft:dropped":{"minecraft:flint":1,"born_in_chaos_v1:corpse_maggot":5,"minecraft:iron_pickaxe":1},"minecraft:custom":{"minecraft:interact_with_furnace":13,"minecraft:mob_kills":30,"minecraft:interact_with_crafting_table":13,"minecraft:leave_game":4,"minecraft:time_since_death":14449,"minecraft:climb_one_cm":1174,"minecraft:time_since_rest":13233,"minecraft:sprint_one_cm":127005,"minecraft:damage_taken":1448,"minecraft:walk_one_cm":191349,"tombstone:sneak_grave":1,"minecraft:drop":7,"minecraft:damage_dealt":4661,"minecraft:swim_one_cm":109373,"minecraft:fly_one_cm":272892,"minecraft:open_chest":2,"minecraft:crouch_one_cm":4533,"minecraft:play_time":66579,"tombstone:undead_killed":13,"minecraft:deaths":5,"minecraft:sneak_time":1659,"minecraft:walk_under_water_one_cm":24782,"minecraft:jump":1452,"minecraft:walk_on_water_one_cm":9511,"minecraft:total_world_time":66579,"minecraft:fall_one_cm":27224},"minecraft:killed":{"alexsmobs:seagull":1,"enemyexpansion:direwolf":1,"born_in_chaos_v1:zombie_bruiser":1,"born_in_chaos_v1:decrepit_skeleton":1,"born_in_chaos_v1:maggot":1,"minecraft:sheep":2,"minecraft:skeleton":1,"luminousworld:savannah_skeleton":1,"undead_revamp2:thesomnolence":2,"minecraft:zombie":5,"alexsmobs:leafcutter_ant":1,"minecraft:chicken":4,"born_in_chaos_v1:corpse_fly":3,"luminousworld:charaxes":1,"luminousworld:savannah_zombie":3,"undead_revamp2:thespitter":1},"minecraft:mined":{"minecraft:acacia_leaves":2,"minecraft:crafting_table":5,"minecraft:granite":1,"minecraft:acacia_log":15,"luminousworld:grassvariant_2":4,"minecraft:tall_grass":3,"minecraft:cobblestone":4,"minecraft:lapis_ore":10,"minecraft:oak_planks":2,"minecraft:coarse_dirt":2,"minecraft:iron_ore":24,"born_in_chaos_v1:river_mint":1,"minecraft:grass":43,"minecraft:coal_ore":51,"minecraft:gravel":14,"minecraft:acacia_door":11,"luminousworld:grassvariant_3":1,"minecraft:stone":130,"minecraft:netherrack":44,"minecraft:white_wool":2,"minecraft:fern":3}},"DataVersion":3465}