{"stats":{"minecraft:broken":{"minecraft:stone_pickaxe":1},"minecraft:killed_by":{"undead_revamp2:the_moonflower":1},"minecraft:used":{"minecraft:stone_pickaxe":147,"minecraft:wooden_pickaxe":12,"ecologics:coconut_planks":2,"minecraft:rotten_flesh":1,"minecraft:dirt":2,"minecraft:crafting_table":3,"born_in_chaos_v1:smoked_flesh":9,"tombstone:magic_scroll":1,"minecraft:stone_axe":45,"minecraft:porkchop":2,"alexsmobs:animal_dictionary":1},"minecraft:crafted":{"minecraft:oak_planks":44,"minecraft:crafting_table":2,"ecologics:coconut_planks":12,"minecraft:wooden_pickaxe":1,"minecraft:stone_axe":1,"minecraft:stick":8,"minecraft:stone_pickaxe":2},"minecraft:picked_up":{"born_in_chaos_v1:corpse_maggot":5,"minecraft:magma_block":2,"minecraft:crafting_table":3,"luminousworld:ishstone":1,"minecraft:leather":1,"minecraft:oak_log":11,"minecraft:chain":1,"minecraft:lapis_lazuli":12,"minecraft:dirt":2,"minecraft:bone":1,"minecraft:stone_bricks":2,"minecraft:beef":6,"minecraft:mossy_stone_brick_stairs":1,"minecraft:stone_brick_slab":2,"minecraft:porkchop":2,"minecraft:diorite":1,"minecraft:rotten_flesh":3,"ecologics:coconut_log":3,"born_in_chaos_v1:rotten_fish":1,"tombstone:magic_scroll":1,"minecraft:oak_sapling":1,"minecraft:netherrack":88,"minecraft:coal":9,"iceandfire:raw_silver":1,"minecraft:cobblestone":25},"minecraft:dropped":{"minecraft:oak_sapling":1,"minecraft:chain":1,"minecraft:netherrack":64},"minecraft:custom":{"minecraft:mob_kills":15,"minecraft:interact_with_crafting_table":5,"minecraft:open_barrel":4,"minecraft:leave_game":1,"minecraft:time_since_death":5830,"minecraft:time_since_rest":3431,"minecraft:sprint_one_cm":101277,"minecraft:damage_taken":510,"minecraft:walk_one_cm":58342,"minecraft:drop":3,"minecraft:damage_dealt":1891,"minecraft:swim_one_cm":18910,"minecraft:fly_one_cm":196081,"minecraft:open_chest":1,"minecraft:crouch_one_cm":2469,"minecraft:deaths":1,"minecraft:play_time":22914,"tombstone:undead_killed":3,"minecraft:sneak_time":771,"minecraft:walk_under_water_one_cm":1152,"minecraft:jump":702,"minecraft:walk_on_water_one_cm":5357,"minecraft:total_world_time":22914,"minecraft:fall_one_cm":14377},"minecraft:killed":{"minecraft:pig":1,"born_in_chaos_v1:restless_spirit":1,"earthmobsmod:lobber_zombie":1,"born_in_chaos_v1:maggot":3,"minecraft:skeleton":1,"born_in_chaos_v1:zombie_fisherman":1,"born_in_chaos_v1:corpse_fly":3,"minecraft:cow":4},"minecraft:mined":{"iceandfire:silver_ore":1,"luminousworld:yellowpetunias":1,"luminousworld:grassvariant_4":1,"minecraft:stone_brick_slab":2,"minecraft:crafting_table":3,"minecraft:grass_block":1,"luminousworld:grassvariant_2":1,"ecologics:coconut_log":3,"minecraft:diorite":1,"supplementaries:urn":1,"minecraft:magma_block":3,"minecraft:iron_ore":1,"minecraft:mossy_stone_brick_stairs":1,"minecraft:grass":3,"minecraft:coal_ore":9,"minecraft:oak_log":11,"luminousworld:ishstone":1,"minecraft:dirt":1,"minecraft:stone":27,"minecraft:stone_bricks":2,"minecraft:netherrack":105,"minecraft:oak_leaves":2}},"DataVersion":3465}