{"stats":{"minecraft:broken":{"minecraft:stone_pickaxe":1},"minecraft:killed_by":{"undead_revamp2:the_moonflower":1},"minecraft:used":{"minecraft:water_bucket":2,"minecraft:stone_pickaxe":159,"minecraft:wooden_pickaxe":12,"minecraft:iron_sword":58,"ecologics:coconut_planks":7,"minecraft:rotten_flesh":1,"minecraft:dirt":2,"minecraft:crafting_table":4,"minecraft:carrot":2,"born_in_chaos_v1:smoked_flesh":9,"born_in_chaos_v1:monster_flesh":1,"minecraft:iron_axe":4,"minecraft:iron_pickaxe":29,"tombstone:magic_scroll":1,"minecraft:iron_helmet":1,"minecraft:stone_axe":55,"minecraft:furnace":1,"minecraft:porkchop":2,"minecraft:bucket":3,"alexsmobs:animal_dictionary":1,"minecraft:cooked_beef":3},"minecraft:picked_up":{"born_in_chaos_v1:corpse_maggot":7,"minecraft:crafting_table":4,"minecraft:magma_block":2,"minecraft:wheat":6,"minecraft:cooked_beef":2,"born_in_chaos_v1:monster_flesh":1,"luminousworld:ishstone":1,"minecraft:leather":1,"minecraft:oak_log":11,"supplementaries:flax_seeds":1,"minecraft:chain":1,"minecraft:lapis_lazuli":31,"minecraft:dirt":2,"minecraft:string":5,"minecraft:iron_axe":1,"born_in_chaos_v1:monster_skin":1,"minecraft:bone":3,"minecraft:stone_bricks":2,"minecraft:cobbled_deepslate":7,"minecraft:beef":6,"tombstone:bag_of_seeds":1,"minecraft:iron_nugget":28,"minecraft:mossy_stone_brick_stairs":1,"minecraft:furnace":1,"minecraft:raw_iron":26,"minecraft:stone_brick_slab":2,"minecraft:dripstone_block":1,"sophisticatedbackpacks:backpack":1,"minecraft:porkchop":2,"minecraft:diorite":1,"minecraft:spider_eye":1,"minecraft:rotten_flesh":18,"ecologics:coconut_log":3,"minecraft:emerald":5,"born_in_chaos_v1:rotten_fish":1,"supplementaries:ash":14,"tombstone:magic_scroll":1,"minecraft:oak_sapling":1,"minecraft:netherrack":88,"minecraft:coal":15,"iceandfire:raw_silver":1,"minecraft:cobblestone":25},"minecraft:crafted":{"minecraft:cooked_beef":6,"minecraft:oak_planks":44,"minecraft:crafting_table":2,"ecologics:coconut_planks":12,"minecraft:iron_helmet":1,"minecraft:wooden_pickaxe":1,"minecraft:iron_sword":1,"minecraft:furnace":1,"minecraft:bucket":1,"minecraft:stone_axe":1,"minecraft:air":0,"minecraft:stick":12,"minecraft:iron_ingot":13,"minecraft:iron_pickaxe":1,"minecraft:stone_pickaxe":2},"minecraft:dropped":{"minecraft:bread":1,"iceandfire:raw_silver":1,"minecraft:stone_axe":1,"alexsmobs:animal_dictionary":1,"luminousworld:ishstone":1,"minecraft:wheat":6,"minecraft:rotten_flesh":7,"minecraft:mossy_stone_brick_stairs":1,"supplementaries:flax_seeds":2,"tombstone:bag_of_seeds":1,"supplementaries:ash":14,"minecraft:diorite":1,"born_in_chaos_v1:corpse_maggot":7,"minecraft:oak_sapling":1,"minecraft:chain":1,"minecraft:stone_bricks":2,"minecraft:spider_eye":1,"minecraft:wooden_pickaxe":1,"minecraft:string":5,"minecraft:netherrack":64,"minecraft:stone_brick_slab":2},"minecraft:custom":{"minecraft:interact_with_furnace":11,"minecraft:mob_kills":28,"minecraft:interact_with_crafting_table":15,"minecraft:open_barrel":4,"minecraft:damage_dealt_resisted":1059,"minecraft:leave_game":2,"minecraft:time_since_death":19009,"minecraft:time_since_rest":16610,"minecraft:damage_taken":808,"minecraft:sprint_one_cm":111731,"minecraft:walk_one_cm":109336,"minecraft:drop":32,"minecraft:damage_dealt":5204,"minecraft:damage_dealt_absorbed":120,"minecraft:swim_one_cm":19116,"minecraft:fly_one_cm":211055,"minecraft:play_time":36093,"minecraft:open_chest":1,"minecraft:crouch_one_cm":4002,"tombstone:undead_killed":10,"minecraft:deaths":1,"minecraft:sneak_time":2443,"minecraft:walk_under_water_one_cm":2179,"minecraft:jump":959,"minecraft:total_world_time":36093,"minecraft:walk_on_water_one_cm":6525,"minecraft:fall_one_cm":18065},"minecraft:killed":{"minecraft:pig":1,"born_in_chaos_v1:restless_spirit":1,"born_in_chaos_v1:baby_skeleton":1,"undead_revamp2:the_moonflower":1,"minecraft:spider":1,"earthmobsmod:lobber_zombie":1,"enemyexpansion:sprinter":1,"enemyexpansion:direwolf":1,"born_in_chaos_v1:decrepit_skeleton":1,"born_in_chaos_v1:maggot":5,"minecraft:skeleton":1,"born_in_chaos_v1:zombie_fisherman":1,"minecraft:zombie":2,"born_in_chaos_v1:dread_hound":1,"born_in_chaos_v1:corpse_fly":4,"born_in_chaos_v1:door_knight":1,"minecraft:cow":4},"minecraft:mined":{"minecraft:tuff":2,"iceandfire:silver_ore":1,"luminousworld:yellowpetunias":1,"luminousworld:grassvariant_4":1,"placeablesmod:cooked_beef_block":2,"minecraft:stone_brick_slab":2,"minecraft:crafting_table":4,"minecraft:grass_block":1,"luminousworld:grassvariant_2":1,"ecologics:coconut_log":3,"minecraft:diorite":1,"supplementaries:urn":7,"minecraft:magma_block":3,"minecraft:furnace":1,"minecraft:iron_ore":4,"minecraft:deepslate_lapis_ore":3,"minecraft:grass":3,"minecraft:mossy_stone_brick_stairs":1,"minecraft:coal_ore":9,"minecraft:oak_log":11,"luminousworld:ishstone":1,"minecraft:deepslate_iron_ore":22,"minecraft:dripstone_block":1,"minecraft:dirt":1,"minecraft:stone":27,"minecraft:stone_bricks":2,"minecraft:netherrack":105,"minecraft:oak_leaves":2,"minecraft:deepslate":8}},"DataVersion":3465}