{"stats":{"minecraft:used":{"minecraft:stone_pickaxe":130,"tombstone:magic_scroll":1,"minecraft:wooden_pickaxe":11,"ecologics:coconut_planks":2,"minecraft:rotten_flesh":1,"minecraft:stone_axe":19,"minecraft:crafting_table":2,"minecraft:porkchop":2,"alexsmobs:animal_dictionary":1},"minecraft:crafted":{"minecraft:oak_planks":24,"minecraft:crafting_table":1,"ecologics:coconut_planks":12,"minecraft:stick":8,"minecraft:wooden_pickaxe":1,"minecraft:stone_pickaxe":1,"minecraft:stone_axe":1},"minecraft:picked_up":{"born_in_chaos_v1:corpse_maggot":5,"minecraft:magma_block":2,"minecraft:crafting_table":2,"minecraft:stone_brick_slab":2,"minecraft:porkchop":2,"minecraft:chain":1,"minecraft:oak_log":6,"minecraft:diorite":1,"minecraft:rotten_flesh":2,"minecraft:stone_bricks":2,"ecologics:coconut_log":3,"tombstone:magic_scroll":1,"minecraft:oak_sapling":1,"born_in_chaos_v1:rotten_fish":1,"minecraft:netherrack":88,"minecraft:mossy_stone_brick_stairs":1,"minecraft:coal":9,"minecraft:cobblestone":12},"minecraft:dropped":{"minecraft:oak_sapling":1},"minecraft:custom":{"minecraft:time_since_rest":12558,"minecraft:sprint_one_cm":31781,"minecraft:damage_taken":105,"minecraft:walk_one_cm":27203,"minecraft:mob_kills":9,"minecraft:drop":1,"minecraft:damage_dealt":1070,"minecraft:swim_one_cm":3344,"minecraft:interact_with_crafting_table":4,"minecraft:fly_one_cm":68685,"minecraft:crouch_one_cm":2469,"minecraft:play_time":12558,"tombstone:undead_killed":1,"minecraft:sneak_time":754,"minecraft:walk_under_water_one_cm":32,"minecraft:jump":258,"minecraft:walk_on_water_one_cm":886,"minecraft:time_since_death":12558,"minecraft:total_world_time":12558,"minecraft:fall_one_cm":6388},"minecraft:killed":{"born_in_chaos_v1:zombie_fisherman":1,"minecraft:pig":1,"born_in_chaos_v1:restless_spirit":1,"born_in_chaos_v1:corpse_fly":3,"born_in_chaos_v1:maggot":3},"minecraft:mined":{"minecraft:magma_block":3,"minecraft:stone_brick_slab":2,"minecraft:crafting_table":2,"minecraft:grass":1,"minecraft:mossy_stone_brick_stairs":1,"minecraft:oak_log":6,"minecraft:coal_ore":9,"ecologics:coconut_log":3,"minecraft:stone_bricks":2,"minecraft:stone":13,"minecraft:netherrack":105,"minecraft:diorite":1}},"DataVersion":3465}