{"stats":{"minecraft:killed_by":{"minecraft:player":2,"mowziesmobs:umvuthana_raptor":1},"minecraft:used":{"minecraft:cooked_mutton":2,"mowziesmobs:umvuthana_mask_fear":1,"minecraft:stone_pickaxe":30,"minecraft:wooden_pickaxe":16,"minecraft:torch":4,"minecraft:crafting_table":3,"minecraft:wooden_axe":27,"minecraft:wooden_sword":45,"minecraft:furnace":2,"tombstone:gift":2,"alexsmobs:animal_dictionary":1,"minecraft:egg":2,"minecraft:cooked_beef":3},"minecraft:picked_up":{"minecraft:crafting_table":3,"minecraft:feather":2,"minecraft:azure_bluet":1,"minecraft:cooked_beef":5,"minecraft:leather":4,"minecraft:wooden_pickaxe":1,"minecraft:oak_log":24,"minecraft:wheat_seeds":4,"minecraft:beef":16,"minecraft:oak_planks":2,"minecraft:furnace":4,"minecraft:egg":2,"minecraft:stick":1,"ecologics:walnut_log":6,"minecraft:acacia_log":6,"minecraft:gravel":2,"minecraft:porkchop":10,"tombstone:grave_dust":1,"luminousworld:grassflowers":1,"born_in_chaos_v1:fire_dust":1,"mowziesmobs:umvuthana_mask_fear":2,"minecraft:mutton":2,"minecraft:coal":114,"minecraft:cobblestone":19},"minecraft:crafted":{"minecraft:cooked_beef":2,"minecraft:wooden_sword":1,"minecraft:oak_planks":8,"minecraft:cooked_porkchop":10,"minecraft:crafting_table":2,"minecraft:wooden_pickaxe":1,"ecologics:walnut_planks":16,"minecraft:cooked_mutton":0,"minecraft:air":0,"minecraft:stick":16,"minecraft:stone_pickaxe":1,"minecraft:wooden_axe":1,"minecraft:acacia_planks":24,"minecraft:torch":16},"minecraft:dropped":{"minecraft:cooked_beef":2,"alexsmobs:animal_dictionary":1,"minecraft:cooked_porkchop":5,"ecologics:walnut_log":2},"minecraft:custom":{"minecraft:interact_with_furnace":9,"minecraft:mob_kills":9,"minecraft:interact_with_crafting_table":4,"minecraft:time_since_death":16884,"minecraft:time_since_rest":16220,"minecraft:sprint_one_cm":108810,"minecraft:damage_taken":1154,"minecraft:walk_one_cm":83793,"tombstone:sneak_grave":2,"minecraft:drop":10,"minecraft:damage_dealt":1148,"minecraft:swim_one_cm":5014,"minecraft:fly_one_cm":113393,"minecraft:crouch_one_cm":206,"minecraft:play_time":28399,"minecraft:deaths":3,"minecraft:sneak_time":236,"minecraft:walk_under_water_one_cm":4264,"minecraft:jump":589,"minecraft:walk_on_water_one_cm":6945,"minecraft:total_world_time":28399,"minecraft:fall_one_cm":13099},"minecraft:killed":{"minecraft:pig":5,"minecraft:cow":4},"minecraft:mined":{"minecraft:crafting_table":3,"minecraft:acacia_log":6,"luminousworld:grassvariant_2":2,"luminousworld:grassflowers":1,"minecraft:tall_grass":3,"minecraft:cobblestone":1,"minecraft:furnace":3,"minecraft:fire":1,"minecraft:azure_bluet":1,"minecraft:grass":20,"minecraft:coal_ore":7,"minecraft:oak_log":25,"minecraft:gravel":1,"luminousworld:grassvariant_3":1,"ecologics:walnut_log":6,"minecraft:stone":19}},"DataVersion":3465}