{"stats":{"minecraft:killed_by":{"minecraft:player":2,"mowziesmobs:umvuthana_raptor":1},"minecraft:used":{"mowziesmobs:umvuthana_mask_fear":1,"minecraft:stone_pickaxe":30,"minecraft:wooden_pickaxe":9,"minecraft:crafting_table":2,"tombstone:gift":2,"alexsmobs:animal_dictionary":1,"minecraft:cooked_beef":2},"minecraft:crafted":{"minecraft:oak_planks":8,"minecraft:crafting_table":1,"minecraft:stick":4,"minecraft:wooden_pickaxe":1,"minecraft:stone_pickaxe":1,"minecraft:acacia_planks":24},"minecraft:picked_up":{"minecraft:crafting_table":2,"minecraft:cooked_beef":3,"minecraft:feather":2,"minecraft:wooden_pickaxe":1,"minecraft:acacia_log":6,"minecraft:gravel":2,"minecraft:oak_log":2,"tombstone:grave_dust":1,"minecraft:wheat_seeds":3,"minecraft:beef":2,"mowziesmobs:umvuthana_mask_fear":2,"minecraft:oak_planks":2,"minecraft:coal":80,"minecraft:egg":2,"minecraft:cobblestone":18,"minecraft:furnace":2},"minecraft:dropped":{"alexsmobs:animal_dictionary":1},"minecraft:custom":{"minecraft:time_since_rest":4220,"minecraft:sprint_one_cm":59206,"minecraft:damage_taken":1114,"minecraft:walk_one_cm":54437,"tombstone:sneak_grave":2,"minecraft:drop":1,"minecraft:damage_dealt":227,"minecraft:interact_with_crafting_table":3,"minecraft:swim_one_cm":5014,"minecraft:fly_one_cm":56215,"minecraft:crouch_one_cm":206,"minecraft:play_time":16399,"minecraft:deaths":3,"minecraft:sneak_time":236,"minecraft:walk_under_water_one_cm":2894,"minecraft:jump":329,"minecraft:time_since_death":4884,"minecraft:walk_on_water_one_cm":1830,"minecraft:total_world_time":16399,"minecraft:fall_one_cm":4473},"minecraft:mined":{"minecraft:furnace":1,"minecraft:crafting_table":2,"minecraft:grass":14,"minecraft:acacia_log":6,"minecraft:oak_log":3,"minecraft:coal_ore":5,"minecraft:gravel":1,"minecraft:tall_grass":3,"minecraft:cobblestone":1,"minecraft:stone":17}},"DataVersion":3465}