{"stats":{"minecraft:used":{"minecraft:crafting_table":1,"alexsmobs:animal_dictionary":1,"minecraft:wooden_pickaxe":1},"minecraft:crafted":{"minecraft:oak_planks":8,"minecraft:acacia_planks":4,"minecraft:crafting_table":1,"minecraft:stick":4,"minecraft:wooden_pickaxe":1},"minecraft:picked_up":{"minecraft:crafting_table":1,"minecraft:wheat_seeds":1,"minecraft:acacia_log":1,"minecraft:oak_log":2},"minecraft:dropped":{"alexsmobs:animal_dictionary":1},"minecraft:custom":{"minecraft:time_since_rest":4399,"minecraft:play_time":4399,"minecraft:sprint_one_cm":4778,"minecraft:damage_taken":195,"minecraft:walk_one_cm":10205,"minecraft:drop":1,"minecraft:jump":40,"minecraft:damage_dealt":43,"minecraft:time_since_death":4399,"minecraft:total_world_time":4399,"minecraft:interact_with_crafting_table":1,"minecraft:fall_one_cm":478,"minecraft:fly_one_cm":2513},"minecraft:mined":{"minecraft:grass":1,"minecraft:acacia_log":1,"minecraft:oak_log":3,"minecraft:crafting_table":1}},"DataVersion":3465}