{"stats":{"minecraft:broken":{"mowziesmobs:umvuthana_mask_fear":1},"minecraft:killed_by":{"minecraft:player":2,"undead_revamp2:the_moonflower":1,"mowziesmobs:umvuthana_raptor":1},"minecraft:used":{"minecraft:cooked_mutton":2,"mowziesmobs:umvuthana_mask_fear":1,"minecraft:oak_planks":74,"minecraft:stone_pickaxe":72,"minecraft:wooden_pickaxe":20,"minecraft:iron_sword":97,"minecraft:torch":160,"minecraft:crafting_table":4,"minecraft:tuff":10,"minecraft:granite":2,"minecraft:wooden_axe":27,"minecraft:iron_pickaxe":143,"minecraft:gravel":1,"minecraft:gunpowder":1,"minecraft:wooden_sword":45,"minecraft:cobblestone":42,"minecraft:furnace":4,"minecraft:cooked_porkchop":5,"ecologics:walnut":1,"tombstone:gift":2,"alexsmobs:animal_dictionary":1,"minecraft:egg":2,"minecraft:cooked_beef":8,"minecraft:cobbled_deepslate":16},"minecraft:picked_up":{"minecraft:crafting_table":4,"ecologics:walnut":1,"minecraft:azure_bluet":1,"minecraft:feather":2,"minecraft:cooked_beef":5,"minecraft:andesite":5,"luminousworld:ishstone":6,"minecraft:leather":4,"minecraft:wooden_pickaxe":1,"minecraft:tuff":11,"minecraft:oak_log":24,"minecraft:gunpowder":5,"minecraft:string":1,"minecraft:dirt":3,"minecraft:wheat_seeds":6,"minecraft:cobbled_deepslate":16,"minecraft:raw_gold":5,"minecraft:stone_pickaxe":1,"minecraft:beef":16,"luminousworld:white_petunias":1,"minecraft:oak_planks":5,"minecraft:egg":3,"minecraft:furnace":5,"minecraft:stick":1,"minecraft:raw_iron":54,"ecologics:walnut_log":6,"minecraft:torch":28,"minecraft:acacia_log":6,"minecraft:gravel":3,"earthmobsmod:harder_flesh":1,"minecraft:porkchop":10,"tombstone:grave_dust":1,"minecraft:diorite":3,"luminousworld:grassflowers":1,"minecraft:rotten_flesh":6,"born_in_chaos_v1:fire_dust":1,"minecraft:diamond":2,"minecraft:granite":2,"mowziesmobs:umvuthana_mask_fear":2,"minecraft:mutton":2,"minecraft:coal":114,"minecraft:cobblestone":78},"minecraft:crafted":{"minecraft:cooked_beef":8,"minecraft:wooden_sword":1,"minecraft:oak_planks":96,"minecraft:cooked_porkchop":10,"minecraft:crafting_table":2,"minecraft:wooden_pickaxe":1,"ecologics:walnut_planks":16,"minecraft:iron_sword":1,"minecraft:cooked_mutton":0,"minecraft:air":0,"minecraft:iron_chestplate":1,"minecraft:stick":48,"minecraft:iron_ingot":13,"minecraft:iron_pickaxe":1,"minecraft:stone_pickaxe":2,"minecraft:wooden_axe":1,"minecraft:stone_sword":1,"minecraft:acacia_planks":24,"minecraft:torch":136},"minecraft:dropped":{"minecraft:cooked_beef":5,"minecraft:stone_sword":1,"alexsmobs:animal_dictionary":1,"minecraft:cooked_porkchop":5,"minecraft:wooden_axe":1,"minecraft:wooden_sword":1,"minecraft:stone_pickaxe":1,"minecraft:wooden_pickaxe":1,"ecologics:walnut_log":2},"minecraft:custom":{"minecraft:interact_with_furnace":23,"minecraft:mob_kills":15,"minecraft:interact_with_crafting_table":10,"minecraft:damage_dealt_resisted":3,"minecraft:leave_game":1,"minecraft:time_since_death":47,"minecraft:time_since_rest":1,"minecraft:sprint_one_cm":198272,"minecraft:damage_taken":2792,"minecraft:walk_one_cm":211550,"tombstone:sneak_grave":2,"minecraft:drop":18,"minecraft:damage_dealt":2481,"minecraft:damage_dealt_absorbed":52,"minecraft:swim_one_cm":12132,"minecraft:fly_one_cm":200423,"minecraft:play_time":63541,"minecraft:crouch_one_cm":886,"tombstone:undead_killed":4,"minecraft:deaths":6,"minecraft:sneak_time":650,"minecraft:walk_under_water_one_cm":12435,"minecraft:jump":1274,"minecraft:walk_on_water_one_cm":14954,"minecraft:total_world_time":63541,"minecraft:fall_one_cm":26257,"minecraft:horse_one_cm":618},"minecraft:killed":{"earthmobsmod:bouldering_zombie":1,"minecraft:pig":5,"minecraft:creeper":1,"minecraft:zombie":3,"minecraft:cow":4},"minecraft:mined":{"luminousworld:white_petunias":2,"minecraft:tuff":11,"minecraft:deepslate_diamond_ore":2,"minecraft:crafting_table":4,"minecraft:torch":5,"minecraft:granite":2,"minecraft:acacia_log":6,"luminousworld:grassvariant_2":3,"luminousworld:grassflowers":2,"minecraft:tall_grass":9,"minecraft:cobblestone":1,"minecraft:deepslate_gold_ore":5,"minecraft:oak_planks":3,"minecraft:diorite":2,"minecraft:wall_torch":21,"minecraft:furnace":4,"minecraft:iron_ore":35,"minecraft:fire":1,"minecraft:andesite":5,"minecraft:azure_bluet":1,"luminousworld:ishstone":6,"minecraft:grass":25,"minecraft:oak_log":25,"minecraft:coal_ore":7,"minecraft:deepslate_iron_ore":19,"minecraft:dirt":3,"minecraft:gravel":1,"luminousworld:grassvariant_3":3,"minecraft:cobweb":1,"ecologics:walnut_log":6,"minecraft:stone":75,"minecraft:oak_leaves":3,"minecraft:deepslate":20}},"DataVersion":3465}