{"stats":{"minecraft:killed_by":{"minecraft:player":2,"mowziesmobs:umvuthana_raptor":1},"minecraft:used":{"minecraft:cooked_mutton":2,"mowziesmobs:umvuthana_mask_fear":1,"minecraft:oak_planks":6,"minecraft:stone_pickaxe":51,"minecraft:wooden_pickaxe":20,"minecraft:iron_sword":29,"minecraft:torch":76,"minecraft:crafting_table":4,"minecraft:wooden_axe":27,"minecraft:iron_pickaxe":22,"minecraft:gravel":1,"minecraft:wooden_sword":45,"minecraft:cobblestone":2,"minecraft:furnace":4,"tombstone:gift":2,"alexsmobs:animal_dictionary":1,"minecraft:egg":2,"minecraft:cooked_beef":6},"minecraft:picked_up":{"ecologics:walnut":1,"minecraft:crafting_table":4,"minecraft:feather":2,"minecraft:azure_bluet":1,"minecraft:cooked_beef":5,"minecraft:leather":4,"minecraft:wooden_pickaxe":1,"minecraft:oak_log":24,"minecraft:gunpowder":5,"minecraft:wheat_seeds":4,"minecraft:raw_gold":1,"minecraft:beef":16,"minecraft:oak_planks":2,"minecraft:furnace":5,"minecraft:egg":2,"minecraft:stick":1,"minecraft:raw_iron":30,"ecologics:walnut_log":6,"minecraft:torch":4,"minecraft:acacia_log":6,"earthmobsmod:harder_flesh":1,"minecraft:gravel":2,"minecraft:porkchop":10,"tombstone:grave_dust":1,"minecraft:diorite":1,"luminousworld:grassflowers":1,"born_in_chaos_v1:fire_dust":1,"mowziesmobs:umvuthana_mask_fear":2,"minecraft:mutton":2,"minecraft:coal":114,"minecraft:cobblestone":31},"minecraft:crafted":{"minecraft:cooked_beef":8,"minecraft:wooden_sword":1,"minecraft:oak_planks":96,"minecraft:cooked_porkchop":10,"minecraft:crafting_table":2,"minecraft:wooden_pickaxe":1,"ecologics:walnut_planks":16,"minecraft:iron_sword":1,"minecraft:cooked_mutton":0,"minecraft:air":0,"minecraft:iron_chestplate":1,"minecraft:stick":48,"minecraft:iron_ingot":13,"minecraft:iron_pickaxe":1,"minecraft:stone_pickaxe":2,"minecraft:wooden_axe":1,"minecraft:stone_sword":1,"minecraft:acacia_planks":24,"minecraft:torch":136},"minecraft:dropped":{"minecraft:cooked_beef":5,"minecraft:stone_sword":1,"alexsmobs:animal_dictionary":1,"minecraft:cooked_porkchop":5,"minecraft:wooden_axe":1,"minecraft:wooden_sword":1,"minecraft:stone_pickaxe":1,"minecraft:wooden_pickaxe":1,"ecologics:walnut_log":2},"minecraft:custom":{"minecraft:interact_with_furnace":23,"minecraft:mob_kills":12,"minecraft:interact_with_crafting_table":10,"minecraft:damage_dealt_resisted":3,"minecraft:time_since_death":28884,"minecraft:time_since_rest":28220,"minecraft:sprint_one_cm":135152,"minecraft:damage_taken":1596,"minecraft:walk_one_cm":136512,"tombstone:sneak_grave":2,"minecraft:drop":18,"minecraft:damage_dealt":1725,"minecraft:swim_one_cm":5014,"minecraft:fly_one_cm":129818,"minecraft:crouch_one_cm":329,"minecraft:play_time":40399,"tombstone:undead_killed":1,"minecraft:deaths":3,"minecraft:sneak_time":303,"minecraft:walk_under_water_one_cm":7905,"minecraft:jump":775,"minecraft:walk_on_water_one_cm":10415,"minecraft:total_world_time":40399,"minecraft:fall_one_cm":17667},"minecraft:killed":{"earthmobsmod:bouldering_zombie":1,"minecraft:pig":5,"minecraft:creeper":1,"minecraft:cow":4},"minecraft:mined":{"minecraft:crafting_table":4,"minecraft:torch":1,"minecraft:acacia_log":6,"luminousworld:grassvariant_2":2,"luminousworld:grassflowers":1,"minecraft:tall_grass":3,"minecraft:cobblestone":1,"minecraft:deepslate_gold_ore":1,"minecraft:wall_torch":3,"minecraft:furnace":4,"minecraft:iron_ore":29,"minecraft:fire":1,"minecraft:azure_bluet":1,"minecraft:grass":20,"minecraft:coal_ore":7,"minecraft:oak_log":25,"minecraft:deepslate_iron_ore":1,"minecraft:gravel":1,"luminousworld:grassvariant_3":1,"ecologics:walnut_log":6,"minecraft:stone":31}},"DataVersion":3465}