{"stats":{"minecraft:broken":{"mowziesmobs:umvuthana_mask_fear":1},"minecraft:killed_by":{"minecraft:player":2,"undead_revamp2:the_moonflower":1,"mowziesmobs:umvuthana_raptor":1},"minecraft:used":{"mowziesmobs:umvuthana_mask_fear":1,"minecraft:iron_sword":158,"minecraft:cooked_chicken":1,"minecraft:rotten_flesh":3,"minecraft:torch":161,"minecraft:dirt":7,"minecraft:tuff":11,"minecraft:granite":2,"minecraft:wooden_axe":27,"minecraft:iron_axe":11,"ecologics:walnut_planks":3,"minecraft:gunpowder":1,"minecraft:furnace":7,"ecologics:walnut":1,"tombstone:gift":2,"minecraft:egg":4,"minecraft:acacia_planks":46,"minecraft:cooked_beef":8,"minecraft:cobbled_deepslate":16,"minecraft:cooked_mutton":2,"minecraft:stone_pickaxe":74,"minecraft:oak_planks":74,"minecraft:wooden_pickaxe":20,"minecraft:crafting_table":5,"minecraft:iron_pickaxe":189,"minecraft:gravel":1,"ecologics:coconut_slice":1,"minecraft:wooden_sword":45,"minecraft:cobblestone":56,"minecraft:cooked_porkchop":5,"alexsmobs:animal_dictionary":1},"minecraft:crafted":{"minecraft:wooden_sword":1,"minecraft:oak_planks":96,"ecologics:walnut_planks":16,"minecraft:cooked_mutton":0,"minecraft:iron_boots":1,"minecraft:iron_axe":1,"minecraft:stone_pickaxe":2,"minecraft:cooked_beef":8,"minecraft:cooked_porkchop":10,"minecraft:crafting_table":2,"minecraft:wooden_pickaxe":1,"minecraft:iron_helmet":1,"minecraft:iron_sword":1,"minecraft:air":0,"minecraft:iron_chestplate":1,"minecraft:shield":1,"minecraft:stick":48,"minecraft:iron_ingot":55,"minecraft:iron_pickaxe":1,"minecraft:wooden_axe":1,"minecraft:stone_sword":1,"minecraft:iron_leggings":1,"minecraft:acacia_planks":76,"minecraft:torch":136},"minecraft:picked_up":{"minecraft:crafting_table":5,"minecraft:azure_bluet":1,"minecraft:chicken":2,"minecraft:wooden_pickaxe":1,"minecraft:string":1,"minecraft:cobbled_deepslate":16,"minecraft:beef":16,"minecraft:egg":4,"ecologics:crab_claw":1,"minecraft:furnace":9,"minecraft:raw_iron":101,"minecraft:stick":1,"ecologics:walnut_log":6,"ecologics:coconut_slice":2,"minecraft:torch":29,"minecraft:acacia_log":19,"minecraft:porkchop":10,"tombstone:grave_dust":1,"minecraft:diorite":3,"luminousworld:grassflowers":1,"minecraft:rotten_flesh":9,"minecraft:mutton":2,"minecraft:cobblestone":89,"ecologics:walnut":1,"minecraft:feather":6,"minecraft:cooked_beef":5,"minecraft:andesite":5,"luminousworld:ishstone":6,"minecraft:leather":4,"minecraft:tuff":11,"minecraft:oak_log":24,"minecraft:gunpowder":5,"minecraft:dirt":7,"minecraft:wheat_seeds":10,"minecraft:raw_gold":5,"minecraft:stone_pickaxe":1,"luminousworld:elephant_grass":1,"minecraft:cooked_chicken":1,"luminousworld:white_petunias":2,"minecraft:oak_planks":5,"born_in_chaos_v1:ethereal_spirit":1,"minecraft:dandelion":1,"minecraft:gravel":3,"earthmobsmod:harder_flesh":1,"minecraft:sand":1,"born_in_chaos_v1:fire_dust":1,"minecraft:diamond":2,"minecraft:granite":2,"mowziesmobs:umvuthana_mask_fear":2,"minecraft:oak_sapling":1,"minecraft:coal":144},"minecraft:dropped":{"minecraft:iron_ingot":1,"minecraft:cooked_beef":5,"luminousworld:white_petunias":1,"minecraft:cooked_porkchop":5,"ecologics:coconut_slice":1,"minecraft:wooden_axe":1,"minecraft:wooden_sword":1,"ecologics:walnut_log":2,"minecraft:stone_sword":1,"alexsmobs:animal_dictionary":1,"born_in_chaos_v1:ethereal_spirit":1,"minecraft:oak_planks":1,"minecraft:wooden_pickaxe":1,"minecraft:stone_pickaxe":1},"minecraft:custom":{"minecraft:mob_kills":23,"minecraft:interact_with_crafting_table":20,"minecraft:damage_dealt_resisted":3,"minecraft:leave_game":2,"minecraft:time_since_death":27725,"minecraft:sprint_one_cm":270803,"minecraft:walk_one_cm":298824,"minecraft:drop":23,"minecraft:damage_dealt_absorbed":52,"minecraft:play_time":91219,"minecraft:deaths":6,"minecraft:sneak_time":844,"minecraft:walk_under_water_one_cm":14524,"minecraft:jump":1923,"minecraft:walk_on_water_one_cm":16133,"minecraft:total_world_time":91219,"minecraft:interact_with_furnace":51,"minecraft:time_since_rest":26592,"minecraft:damage_taken":2977,"tombstone:sneak_grave":2,"minecraft:damage_dealt":3310,"minecraft:swim_one_cm":26431,"minecraft:fly_one_cm":299353,"minecraft:crouch_one_cm":1177,"tombstone:undead_killed":5,"minecraft:fall_one_cm":38062,"minecraft:horse_one_cm":618},"minecraft:killed":{"born_in_chaos_v1:restless_spirit":1,"naturalist:coral_snake":1,"minecraft:chicken":3,"ecologics:coconut_crab":1,"undead_revamp2:sucker":1,"minecraft:pig":5,"earthmobsmod:bouldering_zombie":1,"minecraft:creeper":1,"minecraft:zombie":3,"minecraft:cow":4},"minecraft:mined":{"luminousworld:white_petunias":2,"minecraft:tuff":11,"minecraft:deepslate_diamond_ore":2,"minecraft:granite":2,"minecraft:acacia_log":11,"minecraft:grass_block":4,"luminousworld:grassvariant_2":6,"minecraft:furnace":9,"minecraft:iron_ore":44,"minecraft:fire":1,"minecraft:andesite":5,"minecraft:azure_bluet":1,"minecraft:deepslate_iron_ore":19,"ecologics:walnut_log":6,"minecraft:stone":81,"luminousworld:savannah_soil":2,"minecraft:dandelion":1,"minecraft:crafting_table":6,"minecraft:torch":5,"luminousworld:savannah_grass_1":1,"luminousworld:grassflowers":2,"minecraft:tall_grass":9,"minecraft:cobblestone":7,"minecraft:deepslate_gold_ore":5,"minecraft:oak_planks":3,"minecraft:diorite":2,"minecraft:wall_torch":22,"minecraft:grass":36,"minecraft:oak_log":30,"minecraft:coal_ore":26,"luminousworld:ishstone":6,"minecraft:gravel":1,"minecraft:sand":1,"minecraft:dirt":3,"luminousworld:grassvariant_3":4,"minecraft:cobweb":1,"luminousworld:savannah_grass_4":1,"luminousworld:elephant_grass":1,"minecraft:oak_leaves":3,"minecraft:deepslate":20,"luminousworld:savannah_ground":1}},"DataVersion":3465}