{"stats":{"minecraft:broken":{"minecraft:iron_pickaxe":1},"minecraft:killed_by":{"born_in_chaos_v1:nightmare_stalker":1},"minecraft:used":{"minecraft:stone_pickaxe":15,"minecraft:shield":1,"minecraft:iron_sword":39,"minecraft:rotten_flesh":3,"minecraft:torch":19,"minecraft:crafting_table":3,"alexsmobs:lobster_tail":1,"minecraft:acacia_door":6,"minecraft:iron_axe":60,"minecraft:iron_pickaxe":468,"minecraft:cobblestone":109,"minecraft:bow":1,"minecraft:furnace":4,"minecraft:andesite":15,"minecraft:bucket":1,"tombstone:gift":3,"alexsmobs:animal_dictionary":1},"minecraft:crafted":{"minecraft:oak_planks":8,"minecraft:crafting_table":1,"minecraft:iron_helmet":1,"minecraft:iron_sword":1,"minecraft:furnace":2,"minecraft:bucket":1,"minecraft:air":0,"minecraft:iron_boots":1,"minecraft:iron_chestplate":1,"minecraft:shield":1,"minecraft:iron_axe":1,"minecraft:stick":12,"minecraft:iron_ingot":46,"minecraft:iron_pickaxe":1,"minecraft:stone_pickaxe":1,"minecraft:acacia_door":3,"minecraft:iron_leggings":1,"minecraft:acacia_planks":28,"minecraft:torch":16},"minecraft:picked_up":{"born_in_chaos_v1:corpse_maggot":5,"minecraft:crafting_table":2,"minecraft:coarse_dirt":1,"born_in_chaos_v1:monster_flesh":1,"minecraft:andesite":53,"minecraft:leather":4,"minecraft:oak_log":7,"minecraft:dirt":1,"minecraft:acacia_door":6,"minecraft:bone":1,"minecraft:bow":1,"minecraft:cobbled_deepslate":1,"minecraft:beef":5,"minecraft:iron_ingot":2,"minecraft:iron_pickaxe":1,"minecraft:iron_sword":1,"minecraft:acacia_sapling":1,"minecraft:furnace":4,"minecraft:raw_iron":99,"ecologics:coconut_slice":2,"minecraft:torch":17,"minecraft:acacia_log":40,"minecraft:arrow":6,"minecraft:rotten_flesh":3,"minecraft:granite":2,"supplementaries:ash":1,"minecraft:netherrack":40,"minecraft:coal":107,"alexsmobs:lobster_tail":1,"minecraft:cobblestone":241},"minecraft:dropped":{"minecraft:coarse_dirt":1,"minecraft:cobbled_deepslate":1,"minecraft:granite":2,"minecraft:dirt":1,"supplementaries:ash":1,"minecraft:acacia_sapling":1,"minecraft:stone_pickaxe":1,"minecraft:bone":1},"minecraft:custom":{"minecraft:interact_with_furnace":28,"minecraft:mob_kills":10,"minecraft:interact_with_crafting_table":13,"minecraft:damage_dealt_resisted":298,"minecraft:leave_game":2,"minecraft:time_since_death":24952,"minecraft:time_since_rest":24167,"minecraft:sprint_one_cm":39377,"minecraft:damage_taken":669,"minecraft:walk_one_cm":69980,"minecraft:damage_blocked_by_shield":25,"tombstone:sneak_grave":1,"minecraft:drop":9,"minecraft:damage_dealt":1903,"minecraft:swim_one_cm":27342,"minecraft:fly_one_cm":111350,"minecraft:crouch_one_cm":16131,"minecraft:play_time":63780,"tombstone:undead_killed":4,"minecraft:deaths":2,"minecraft:sneak_time":5765,"minecraft:walk_under_water_one_cm":10120,"minecraft:jump":612,"minecraft:walk_on_water_one_cm":11122,"minecraft:total_world_time":63780,"minecraft:fall_one_cm":14943},"minecraft:killed":{"alexsmobs:lobster":1,"earthmobsmod:cream_cow":2,"luminousworld:savannah_skeleton":1,"born_in_chaos_v1:dread_hound":1,"ecologics:coconut_crab":1,"born_in_chaos_v1:door_knight":1,"luminousworld:savannah_zombie":2},"minecraft:mined":{"minecraft:acacia_leaves":9,"minecraft:crafting_table":2,"minecraft:granite":2,"minecraft:acacia_log":41,"minecraft:poppy":1,"luminousworld:grassvariant_2":1,"minecraft:tall_grass":1,"minecraft:cobblestone":11,"minecraft:wall_torch":1,"minecraft:coarse_dirt":1,"minecraft:furnace":4,"minecraft:iron_ore":96,"minecraft:andesite":53,"minecraft:grass":17,"minecraft:oak_log":7,"minecraft:coal_ore":41,"minecraft:deepslate_iron_ore":3,"minecraft:acacia_door":4,"minecraft:dirt":1,"minecraft:stone":230,"minecraft:netherrack":40,"minecraft:oak_leaves":1,"minecraft:deepslate":1}},"DataVersion":3465}