{"stats":{"minecraft:killed_by":{"born_in_chaos_v1:nightmare_stalker":1},"minecraft:picked_up":{"born_in_chaos_v1:corpse_maggot":5,"minecraft:andesite":26,"minecraft:acacia_log":7,"minecraft:oak_log":2,"minecraft:iron_pickaxe":1,"minecraft:coal":22,"minecraft:acacia_sapling":1,"minecraft:cobblestone":32},"minecraft:custom":{"minecraft:time_since_rest":4310,"minecraft:interact_with_furnace":2,"minecraft:crouch_one_cm":1956,"minecraft:sprint_one_cm":10209,"minecraft:play_time":6360,"minecraft:walk_one_cm":18456,"minecraft:damage_taken":270,"minecraft:deaths":1,"minecraft:sneak_time":573,"tombstone:sneak_grave":1,"minecraft:jump":132,"minecraft:damage_dealt":42,"minecraft:leave_game":2,"minecraft:time_since_death":4516,"minecraft:total_world_time":6360,"minecraft:interact_with_crafting_table":2,"minecraft:fall_one_cm":4412,"minecraft:fly_one_cm":37645},"minecraft:used":{"minecraft:iron_pickaxe":80,"tombstone:gift":3,"alexsmobs:animal_dictionary":1},"minecraft:mined":{"minecraft:coal_ore":22,"minecraft:grass":5,"minecraft:acacia_log":7,"minecraft:oak_log":2,"minecraft:acacia_leaves":6,"minecraft:tall_grass":1,"minecraft:stone":32,"minecraft:andesite":26,"minecraft:oak_leaves":1},"minecraft:crafted":{"minecraft:oak_planks":8,"minecraft:acacia_planks":28,"minecraft:crafting_table":1,"minecraft:stick":8}},"DataVersion":3465}