{"stats":{"minecraft:broken":{"minecraft:iron_pickaxe":1},"minecraft:killed_by":{"born_in_chaos_v1:nightmare_stalker":1},"minecraft:used":{"minecraft:tropical_fish":1,"minecraft:shield":2,"minecraft:iron_sword":125,"minecraft:rotten_flesh":3,"minecraft:torch":25,"minecraft:granite":21,"born_in_chaos_v1:corpse_maggot":5,"minecraft:lava_bucket":1,"alexsmobs:lobster_tail":1,"minecraft:iron_axe":60,"minecraft:iron_helmet":1,"minecraft:barrel":1,"ecologics:walnut_planks":4,"minecraft:bow":6,"minecraft:beef":8,"minecraft:furnace":7,"tombstone:gift":4,"minecraft:cooked_beef":3,"minecraft:water_bucket":1,"minecraft:stone_pickaxe":15,"minecraft:chainmail_helmet":1,"minecraft:crafting_table":5,"minecraft:oak_log":1,"minecraft:acacia_door":9,"minecraft:iron_pickaxe":610,"minecraft:gravel":1,"ecologics:coconut_slice":2,"minecraft:cobblestone":174,"minecraft:cooked_porkchop":3,"minecraft:bucket":3,"minecraft:andesite":58,"born_in_chaos_v1:wood_splitter_axe":44,"alexsmobs:animal_dictionary":1},"minecraft:crafted":{"minecraft:oak_planks":28,"ecologics:walnut_planks":16,"minecraft:furnace":3,"minecraft:iron_boots":1,"minecraft:iron_axe":1,"minecraft:stone_pickaxe":1,"minecraft:cooked_beef":3,"iceandfire:silver_ingot":2,"minecraft:cooked_porkchop":8,"minecraft:crafting_table":6,"minecraft:iron_helmet":1,"minecraft:iron_sword":1,"minecraft:bucket":1,"minecraft:air":0,"minecraft:iron_chestplate":1,"minecraft:shield":1,"minecraft:stick":32,"minecraft:iron_ingot":46,"minecraft:iron_pickaxe":2,"minecraft:acacia_door":3,"minecraft:iron_leggings":1,"minecraft:acacia_planks":192,"minecraft:torch":16},"minecraft:picked_up":{"minecraft:coarse_dirt":2,"minecraft:crafting_table":4,"minecraft:enchanted_book":3,"minecraft:string":1,"minecraft:acacia_door":12,"minecraft:gold_nugget":2,"minecraft:cobbled_deepslate":1,"minecraft:beef":11,"minecraft:iron_pickaxe":1,"minecraft:melon_slice":44,"minecraft:egg":1,"minecraft:furnace":8,"minecraft:raw_iron":143,"ecologics:walnut_log":4,"ecologics:coconut_slice":2,"minecraft:torch":20,"minecraft:acacia_log":48,"quark:yellow_corundum_cluster":4,"minecraft:porkchop":8,"tombstone:grave_dust":2,"alexsmobs:leafcutter_ant_pupa":2,"minecraft:rotten_flesh":13,"minecraft:arrow":8,"minecraft:tropical_fish":1,"born_in_chaos_v1:wood_splitter_axe":1,"supplementaries:ash":2,"alexsmobs:lobster_tail":1,"minecraft:cobblestone":337,"minecraft:birch_log":1,"ecologics:walnut_planks":10,"born_in_chaos_v1:corpse_maggot":5,"born_in_chaos_v1:monster_flesh":1,"minecraft:andesite":59,"minecraft:leather":4,"minecraft:flint":8,"minecraft:oak_log":8,"minecraft:dirt":14,"tombstone:gift":1,"minecraft:bone":2,"minecraft:acacia_planks":30,"minecraft:bow":1,"minecraft:wheat_seeds":2,"minecraft:iron_ingot":11,"minecraft:acacia_sapling":1,"minecraft:iron_sword":1,"luminousworld:clovers_1":1,"minecraft:dandelion":1,"minecraft:gravel":1,"ecologics:coconut_husk":4,"minecraft:barrel":2,"minecraft:bundle":1,"minecraft:diamond":1,"minecraft:granite":38,"minecraft:chainmail_helmet":2,"tombstone:magic_scroll":3,"minecraft:netherrack":40,"minecraft:coal":107,"iceandfire:raw_silver":2,"minecraft:sunflower":1},"minecraft:dropped":{"minecraft:wheat_seeds":2,"minecraft:cooked_porkchop":4,"minecraft:leather":4,"minecraft:granite":17,"minecraft:chainmail_helmet":2,"minecraft:flint":8,"ecologics:walnut_planks":10,"minecraft:dirt":14,"tombstone:magic_scroll":2,"minecraft:melon_slice":11,"minecraft:gold_nugget":2,"minecraft:sunflower":1,"minecraft:iron_axe":1,"minecraft:iron_pickaxe":1,"minecraft:acacia_door":6,"minecraft:string":1,"minecraft:birch_log":1,"luminousworld:clovers_1":1,"minecraft:dandelion":1,"minecraft:bone":1,"minecraft:coarse_dirt":2,"minecraft:cobbled_deepslate":1,"minecraft:rotten_flesh":5,"quark:yellow_corundum_cluster":4,"alexsmobs:leafcutter_ant_pupa":2,"supplementaries:ash":2,"minecraft:andesite":1,"ecologics:coconut_husk":4,"minecraft:acacia_sapling":1,"minecraft:stone_pickaxe":1,"minecraft:egg":1},"minecraft:custom":{"minecraft:mob_kills":28,"minecraft:interact_with_crafting_table":18,"minecraft:open_barrel":6,"minecraft:damage_dealt_resisted":298,"minecraft:leave_game":6,"minecraft:time_since_death":88451,"minecraft:climb_one_cm":60,"minecraft:sprint_one_cm":141968,"minecraft:walk_one_cm":143435,"minecraft:damage_blocked_by_shield":55,"minecraft:drop":63,"minecraft:play_time":127279,"minecraft:deaths":2,"minecraft:sneak_time":6609,"minecraft:walk_under_water_one_cm":24014,"minecraft:jump":1832,"minecraft:walk_on_water_one_cm":20755,"minecraft:total_world_time":127279,"minecraft:interact_with_furnace":37,"minecraft:time_since_rest":87666,"minecraft:damage_taken":1230,"tombstone:sneak_grave":1,"minecraft:trigger_trapped_chest":2,"minecraft:damage_dealt":5249,"minecraft:swim_one_cm":66261,"minecraft:fly_one_cm":421654,"minecraft:open_chest":7,"minecraft:crouch_one_cm":18185,"tombstone:undead_killed":12,"minecraft:fall_one_cm":46656},"minecraft:killed":{"alexsmobs:lobster":1,"enemyexpansion:equestrian":1,"undead_revamp2:theswarmer":1,"alexsmobs:leafcutter_ant":1,"ecologics:coconut_crab":1,"luminousworld:savannah_zombie":2,"born_in_chaos_v1:barrel_zombie":1,"minecraft:pig":3,"earthmobsmod:cream_cow":2,"luminousworld:crab":2,"luminousworld:savannah_skeleton":1,"minecraft:zombie":1,"iceandfire:ghost":3,"born_in_chaos_v1:dread_hound":1,"enemyexpansion:huntsman":1,"alexsmobs:crow":1,"born_in_chaos_v1:door_knight":1,"minecraft:cow":3},"minecraft:mined":{"iceandfire:silver_ore":2,"minecraft:deepslate_diamond_ore":1,"born_in_chaos_v1:infected_diamond_ore":1,"minecraft:granite":36,"minecraft:acacia_log":49,"minecraft:grass_block":2,"luminousworld:grassvariant_2":1,"minecraft:furnace":7,"minecraft:iron_ore":96,"minecraft:barrel":1,"minecraft:andesite":59,"minecraft:deepslate_iron_ore":3,"ecologics:walnut_log":4,"minecraft:stone":306,"minecraft:acacia_leaves":9,"minecraft:crafting_table":4,"minecraft:poppy":1,"minecraft:melon":10,"minecraft:tall_grass":4,"minecraft:cobblestone":22,"born_in_chaos_v1:chipped_black_argillite_brick":1,"minecraft:wall_torch":2,"ecologics:stripped_walnut_log":1,"minecraft:coarse_dirt":2,"born_in_chaos_v1:black_argillite_brick":1,"minecraft:grass":27,"luminousworld:clovers_5":1,"minecraft:oak_log":7,"minecraft:coal_ore":41,"minecraft:sunflower":2,"minecraft:gravel":1,"minecraft:acacia_door":7,"minecraft:dirt":12,"luminousworld:grassvariant_3":2,"minecraft:cobweb":2,"quark:crimson_chest":1,"minecraft:netherrack":40,"minecraft:oak_leaves":2,"minecraft:deepslate":1}},"DataVersion":3465}