{"stats":{"minecraft:broken":{"minecraft:iron_pickaxe":1},"minecraft:killed_by":{"born_in_chaos_v1:nightmare_stalker":1},"minecraft:used":{"minecraft:acacia_door":3,"minecraft:iron_axe":3,"minecraft:stone_pickaxe":15,"minecraft:iron_pickaxe":380,"minecraft:torch":19,"minecraft:cobblestone":35,"minecraft:crafting_table":3,"minecraft:furnace":4,"minecraft:bucket":1,"minecraft:andesite":13,"tombstone:gift":3,"alexsmobs:animal_dictionary":1},"minecraft:crafted":{"minecraft:oak_planks":8,"minecraft:iron_boots":1,"minecraft:iron_chestplate":1,"minecraft:shield":1,"minecraft:iron_axe":1,"minecraft:crafting_table":1,"minecraft:stick":12,"minecraft:iron_pickaxe":1,"minecraft:iron_ingot":46,"minecraft:iron_helmet":1,"minecraft:stone_pickaxe":1,"minecraft:acacia_door":3,"minecraft:iron_sword":1,"minecraft:iron_leggings":1,"minecraft:furnace":2,"minecraft:bucket":1,"minecraft:acacia_planks":28,"minecraft:torch":16,"minecraft:air":0},"minecraft:picked_up":{"born_in_chaos_v1:corpse_maggot":5,"minecraft:crafting_table":2,"minecraft:raw_iron":75,"minecraft:andesite":53,"minecraft:torch":17,"minecraft:acacia_log":7,"minecraft:oak_log":2,"minecraft:acacia_door":2,"minecraft:cobbled_deepslate":1,"minecraft:iron_ingot":2,"minecraft:iron_pickaxe":1,"minecraft:coal":107,"minecraft:acacia_sapling":1,"minecraft:cobblestone":221,"minecraft:furnace":4},"minecraft:dropped":{"minecraft:acacia_sapling":1,"minecraft:stone_pickaxe":1},"minecraft:custom":{"minecraft:time_since_rest":25730,"minecraft:interact_with_furnace":28,"minecraft:sprint_one_cm":11108,"minecraft:damage_taken":270,"minecraft:walk_one_cm":38353,"tombstone:sneak_grave":1,"minecraft:drop":2,"minecraft:damage_dealt":42,"minecraft:swim_one_cm":10925,"minecraft:interact_with_crafting_table":13,"minecraft:fly_one_cm":37673,"minecraft:crouch_one_cm":14365,"minecraft:play_time":27780,"minecraft:deaths":1,"minecraft:sneak_time":5268,"minecraft:walk_under_water_one_cm":5181,"minecraft:jump":211,"minecraft:leave_game":2,"minecraft:walk_on_water_one_cm":3052,"minecraft:time_since_death":25936,"minecraft:total_world_time":27780,"minecraft:fall_one_cm":4412},"minecraft:mined":{"minecraft:acacia_leaves":6,"minecraft:furnace":4,"minecraft:iron_ore":72,"minecraft:andesite":53,"minecraft:crafting_table":2,"minecraft:grass":5,"minecraft:acacia_log":7,"minecraft:coal_ore":41,"minecraft:oak_log":2,"minecraft:deepslate_iron_ore":3,"minecraft:acacia_door":2,"minecraft:tall_grass":1,"minecraft:cobblestone":3,"minecraft:stone":218,"minecraft:wall_torch":1,"minecraft:deepslate":1,"minecraft:oak_leaves":1}},"DataVersion":3465}