{"stats":{"minecraft:broken":{"minecraft:iron_pickaxe":1},"minecraft:killed_by":{"minecraft:player":1,"born_in_chaos_v1:nightmare_stalker":1},"minecraft:used":{"minecraft:iron_shovel":25,"minecraft:tropical_fish":1,"minecraft:shield":4,"minecraft:iron_sword":147,"minecraft:rotten_flesh":3,"minecraft:netherrack":21,"minecraft:torch":30,"minecraft:dirt":7,"minecraft:granite":21,"born_in_chaos_v1:corpse_maggot":5,"minecraft:lava_bucket":1,"alexsmobs:lobster_tail":1,"minecraft:iron_axe":60,"minecraft:iron_helmet":1,"minecraft:barrel":1,"ecologics:walnut_planks":4,"minecraft:beef":8,"minecraft:bow":8,"minecraft:furnace":11,"tombstone:gift":5,"minecraft:cooked_beef":3,"minecraft:water_bucket":5,"iceandfire:pixie_house_spruce":1,"minecraft:stone_pickaxe":15,"minecraft:chainmail_helmet":1,"minecraft:crafting_table":7,"minecraft:oak_log":1,"minecraft:acacia_door":9,"minecraft:melon_slice":26,"minecraft:iron_pickaxe":687,"minecraft:gravel":1,"ecologics:coconut_slice":2,"minecraft:cobblestone":207,"minecraft:cooked_porkchop":3,"minecraft:andesite":58,"minecraft:bucket":7,"born_in_chaos_v1:wood_splitter_axe":53,"alexsmobs:animal_dictionary":1},"minecraft:crafted":{"minecraft:oak_planks":28,"ecologics:walnut_planks":16,"minecraft:furnace":3,"minecraft:iron_boots":1,"minecraft:iron_axe":1,"minecraft:stone_pickaxe":1,"minecraft:cooked_beef":3,"iceandfire:silver_ingot":2,"minecraft:cooked_porkchop":8,"minecraft:crafting_table":6,"minecraft:iron_helmet":1,"minecraft:iron_sword":1,"minecraft:bucket":1,"minecraft:air":0,"minecraft:iron_chestplate":1,"minecraft:shield":1,"minecraft:stick":40,"minecraft:iron_ingot":46,"minecraft:iron_pickaxe":2,"minecraft:iron_shovel":1,"minecraft:acacia_door":3,"minecraft:iron_leggings":1,"minecraft:acacia_planks":192,"minecraft:torch":16},"minecraft:picked_up":{"minecraft:crafting_table":7,"minecraft:coarse_dirt":2,"minecraft:enchanted_book":3,"minecraft:string":1,"minecraft:acacia_door":12,"minecraft:gold_nugget":2,"minecraft:cobbled_deepslate":1,"minecraft:beef":11,"minecraft:rose_bush":5,"minecraft:iron_pickaxe":1,"minecraft:melon_slice":44,"minecraft:furnace":12,"minecraft:egg":1,"minecraft:raw_iron":143,"ecologics:walnut_log":4,"ecologics:coconut_slice":2,"minecraft:torch":23,"minecraft:acacia_log":48,"quark:yellow_corundum_cluster":4,"minecraft:porkchop":8,"tombstone:grave_dust":3,"alexsmobs:leafcutter_ant_pupa":2,"minecraft:arrow":10,"minecraft:rotten_flesh":15,"minecraft:tropical_fish":1,"born_in_chaos_v1:wood_splitter_axe":1,"supplementaries:ash":2,"alexsmobs:lobster_tail":1,"minecraft:cobblestone":394,"minecraft:birch_log":1,"ecologics:walnut_planks":10,"born_in_chaos_v1:corpse_maggot":5,"born_in_chaos_v1:monster_flesh":1,"minecraft:andesite":59,"minecraft:leather":4,"minecraft:flint":8,"minecraft:oak_log":8,"minecraft:dirt":41,"tombstone:gift":1,"minecraft:bone":3,"minecraft:acacia_planks":30,"minecraft:bow":1,"minecraft:wheat_seeds":2,"minecraft:iron_ingot":12,"minecraft:acacia_sapling":1,"minecraft:iron_sword":1,"luminousworld:clovers_1":1,"minecraft:dandelion":1,"minecraft:gravel":2,"ecologics:coconut_husk":4,"minecraft:barrel":2,"minecraft:mossy_cobblestone":2,"minecraft:bundle":1,"minecraft:diamond":1,"iceandfire:pixie_house_spruce":1,"minecraft:granite":38,"minecraft:chainmail_helmet":2,"tombstone:magic_scroll":3,"minecraft:netherrack":43,"minecraft:coal":117,"iceandfire:raw_silver":2,"minecraft:sunflower":1},"minecraft:dropped":{"minecraft:iron_ingot":1,"minecraft:wheat_seeds":2,"minecraft:mossy_cobblestone":2,"minecraft:cooked_porkchop":4,"minecraft:leather":4,"minecraft:granite":17,"iceandfire:ectoplasm":1,"minecraft:chainmail_helmet":3,"minecraft:flint":8,"ecologics:walnut_planks":10,"minecraft:dirt":14,"tombstone:magic_scroll":2,"minecraft:melon_slice":17,"tombstone:grave_dust":1,"minecraft:gold_nugget":2,"minecraft:sunflower":1,"minecraft:iron_axe":1,"minecraft:iron_pickaxe":1,"minecraft:acacia_door":6,"minecraft:string":1,"minecraft:birch_log":1,"luminousworld:clovers_1":1,"minecraft:dandelion":1,"minecraft:bone":1,"minecraft:gravel":1,"minecraft:coarse_dirt":2,"minecraft:cobbled_deepslate":1,"minecraft:rotten_flesh":5,"quark:yellow_corundum_cluster":4,"alexsmobs:leafcutter_ant_pupa":2,"supplementaries:ash":2,"minecraft:andesite":1,"ecologics:coconut_husk":4,"minecraft:acacia_sapling":1,"minecraft:stone_pickaxe":1,"minecraft:egg":1},"minecraft:custom":{"minecraft:mob_kills":33,"minecraft:animals_bred":1,"minecraft:interact_with_crafting_table":21,"minecraft:open_barrel":6,"minecraft:damage_dealt_resisted":298,"minecraft:leave_game":7,"minecraft:time_since_death":15443,"minecraft:climb_one_cm":96,"minecraft:sprint_one_cm":275504,"minecraft:walk_one_cm":213988,"minecraft:damage_blocked_by_shield":118,"minecraft:drop":72,"minecraft:play_time":151344,"minecraft:sneak_time":7497,"minecraft:deaths":3,"minecraft:walk_under_water_one_cm":24043,"minecraft:jump":2730,"minecraft:walk_on_water_one_cm":24117,"minecraft:total_world_time":151344,"minecraft:interact_with_furnace":37,"minecraft:time_since_rest":13044,"minecraft:damage_taken":1557,"tombstone:sneak_grave":1,"minecraft:trigger_trapped_chest":2,"minecraft:damage_dealt":6145,"minecraft:swim_one_cm":67329,"minecraft:fly_one_cm":664586,"minecraft:open_chest":10,"minecraft:crouch_one_cm":21815,"tombstone:undead_killed":16,"minecraft:fall_one_cm":66170},"minecraft:killed":{"alexsmobs:lobster":1,"enemyexpansion:equestrian":1,"born_in_chaos_v1:siamese_skeletonsright":2,"undead_revamp2:theswarmer":1,"alexsmobs:leafcutter_ant":1,"ecologics:coconut_crab":1,"luminousworld:savannah_zombie":2,"born_in_chaos_v1:barrel_zombie":1,"minecraft:pig":3,"earthmobsmod:cream_cow":2,"born_in_chaos_v1:decrepit_skeleton":1,"luminousworld:crab":2,"luminousworld:savannah_skeleton":1,"minecraft:zombie":1,"iceandfire:ghost":3,"born_in_chaos_v1:dread_hound":1,"enemyexpansion:huntsman":1,"alexsmobs:crow":1,"iceandfire:pixie":1,"born_in_chaos_v1:door_knight":1,"born_in_chaos_v1:siamese_skeletonsleft":1,"minecraft:cow":3},"minecraft:mined":{"iceandfire:silver_ore":2,"minecraft:mossy_cobblestone":5,"luminousworld:grassvariant_4":2,"minecraft:deepslate_diamond_ore":1,"born_in_chaos_v1:infected_diamond_ore":1,"minecraft:granite":36,"minecraft:acacia_log":49,"minecraft:grass_block":7,"luminousworld:grassvariant_2":3,"minecraft:furnace":12,"minecraft:iron_ore":96,"minecraft:barrel":1,"minecraft:andesite":59,"minecraft:deepslate_iron_ore":3,"iceandfire:pixie_house_spruce":1,"ecologics:walnut_log":4,"minecraft:stone":367,"minecraft:acacia_leaves":9,"minecraft:crafting_table":7,"minecraft:poppy":1,"minecraft:melon":10,"minecraft:rose_bush":5,"minecraft:tall_grass":4,"minecraft:cobblestone":23,"born_in_chaos_v1:chipped_black_argillite_brick":1,"minecraft:wall_torch":5,"ecologics:stripped_walnut_log":1,"minecraft:coarse_dirt":2,"minecraft:birch_leaves":6,"born_in_chaos_v1:black_argillite_brick":1,"minecraft:grass":29,"minecraft:oak_log":7,"minecraft:coal_ore":41,"luminousworld:clovers_5":1,"minecraft:sunflower":2,"minecraft:gravel":2,"minecraft:acacia_door":7,"minecraft:dirt":34,"luminousworld:grassvariant_3":4,"minecraft:cobweb":2,"quark:crimson_chest":1,"minecraft:netherrack":43,"minecraft:oak_leaves":2,"minecraft:deepslate":1}},"DataVersion":3465}