{"stats":{"minecraft:broken":{"minecraft:iron_pickaxe":1},"minecraft:killed_by":{"born_in_chaos_v1:nightmare_stalker":1},"minecraft:used":{"minecraft:stone_pickaxe":15,"minecraft:iron_pickaxe":250,"minecraft:cobblestone":11,"minecraft:crafting_table":1,"minecraft:furnace":2,"minecraft:andesite":4,"tombstone:gift":3,"alexsmobs:animal_dictionary":1},"minecraft:crafted":{"minecraft:oak_planks":8,"minecraft:iron_boots":1,"minecraft:iron_chestplate":1,"minecraft:crafting_table":1,"minecraft:stick":8,"minecraft:iron_ingot":28,"minecraft:iron_helmet":1,"minecraft:stone_pickaxe":1,"minecraft:iron_leggings":1,"minecraft:furnace":2,"minecraft:acacia_planks":28,"minecraft:air":0},"minecraft:picked_up":{"born_in_chaos_v1:corpse_maggot":5,"minecraft:raw_iron":28,"minecraft:andesite":41,"minecraft:acacia_log":7,"minecraft:oak_log":2,"minecraft:iron_pickaxe":1,"minecraft:coal":41,"minecraft:acacia_sapling":1,"minecraft:cobblestone":155},"minecraft:custom":{"minecraft:time_since_rest":13730,"minecraft:interact_with_furnace":13,"minecraft:sprint_one_cm":10209,"minecraft:damage_taken":270,"minecraft:walk_one_cm":28238,"tombstone:sneak_grave":1,"minecraft:damage_dealt":42,"minecraft:interact_with_crafting_table":6,"minecraft:fly_one_cm":37645,"minecraft:crouch_one_cm":10080,"minecraft:play_time":15780,"minecraft:deaths":1,"minecraft:sneak_time":3717,"minecraft:jump":176,"minecraft:leave_game":2,"minecraft:time_since_death":13936,"minecraft:total_world_time":15780,"minecraft:fall_one_cm":4412},"minecraft:mined":{"minecraft:acacia_leaves":6,"minecraft:iron_ore":28,"minecraft:andesite":41,"minecraft:grass":5,"minecraft:acacia_log":7,"minecraft:coal_ore":41,"minecraft:oak_log":2,"minecraft:tall_grass":1,"minecraft:cobblestone":1,"minecraft:stone":154,"minecraft:oak_leaves":1}},"DataVersion":3465}