{"stats":{"minecraft:broken":{"minecraft:iron_pickaxe":1},"minecraft:killed_by":{"born_in_chaos_v1:nightmare_stalker":1},"minecraft:used":{"minecraft:tropical_fish":1,"minecraft:shield":1,"minecraft:iron_sword":80,"minecraft:rotten_flesh":3,"minecraft:torch":21,"minecraft:granite":21,"born_in_chaos_v1:corpse_maggot":5,"minecraft:lava_bucket":1,"alexsmobs:lobster_tail":1,"minecraft:iron_axe":60,"ecologics:walnut_planks":4,"minecraft:bow":5,"minecraft:beef":8,"minecraft:furnace":7,"tombstone:gift":3,"minecraft:cooked_beef":3,"minecraft:water_bucket":1,"minecraft:stone_pickaxe":15,"minecraft:crafting_table":5,"minecraft:oak_log":1,"minecraft:acacia_door":9,"minecraft:iron_pickaxe":597,"minecraft:gravel":1,"minecraft:cobblestone":137,"minecraft:cooked_porkchop":1,"minecraft:bucket":3,"minecraft:andesite":58,"born_in_chaos_v1:wood_splitter_axe":37,"alexsmobs:animal_dictionary":1},"minecraft:crafted":{"minecraft:oak_planks":28,"ecologics:walnut_planks":16,"minecraft:furnace":3,"minecraft:iron_boots":1,"minecraft:iron_axe":1,"minecraft:stone_pickaxe":1,"minecraft:cooked_beef":3,"iceandfire:silver_ingot":2,"minecraft:cooked_porkchop":8,"minecraft:crafting_table":6,"minecraft:iron_helmet":1,"minecraft:iron_sword":1,"minecraft:bucket":1,"minecraft:air":0,"minecraft:iron_chestplate":1,"minecraft:shield":1,"minecraft:stick":32,"minecraft:iron_ingot":46,"minecraft:iron_pickaxe":2,"minecraft:acacia_door":3,"minecraft:iron_leggings":1,"minecraft:acacia_planks":192,"minecraft:torch":16},"minecraft:picked_up":{"minecraft:coarse_dirt":2,"minecraft:crafting_table":4,"minecraft:string":1,"minecraft:acacia_door":12,"minecraft:gold_nugget":2,"minecraft:cobbled_deepslate":1,"minecraft:beef":11,"minecraft:iron_pickaxe":1,"minecraft:melon_slice":44,"minecraft:egg":1,"minecraft:furnace":8,"minecraft:raw_iron":143,"ecologics:walnut_log":4,"ecologics:coconut_slice":2,"minecraft:torch":19,"minecraft:acacia_log":48,"minecraft:porkchop":8,"alexsmobs:leafcutter_ant_pupa":1,"minecraft:rotten_flesh":8,"minecraft:arrow":8,"minecraft:tropical_fish":1,"born_in_chaos_v1:wood_splitter_axe":1,"supplementaries:ash":2,"alexsmobs:lobster_tail":1,"minecraft:cobblestone":320,"minecraft:birch_log":1,"ecologics:walnut_planks":5,"born_in_chaos_v1:corpse_maggot":5,"born_in_chaos_v1:monster_flesh":1,"minecraft:andesite":59,"minecraft:leather":4,"minecraft:flint":8,"minecraft:oak_log":8,"minecraft:dirt":14,"minecraft:bone":1,"minecraft:acacia_planks":30,"minecraft:bow":1,"minecraft:wheat_seeds":2,"minecraft:iron_ingot":11,"minecraft:acacia_sapling":1,"minecraft:iron_sword":1,"minecraft:dandelion":1,"minecraft:gravel":1,"minecraft:barrel":1,"minecraft:granite":34,"minecraft:netherrack":40,"minecraft:coal":107,"iceandfire:raw_silver":2,"minecraft:sunflower":1},"minecraft:dropped":{"minecraft:wheat_seeds":2,"minecraft:cooked_porkchop":4,"minecraft:granite":13,"minecraft:flint":4,"minecraft:dirt":14,"minecraft:sunflower":1,"minecraft:iron_axe":1,"minecraft:iron_pickaxe":1,"minecraft:acacia_door":3,"minecraft:string":1,"minecraft:birch_log":1,"minecraft:dandelion":1,"minecraft:bone":1,"minecraft:coarse_dirt":1,"minecraft:cobbled_deepslate":1,"supplementaries:ash":2,"minecraft:andesite":1,"minecraft:acacia_sapling":1,"minecraft:stone_pickaxe":1,"minecraft:egg":1},"minecraft:custom":{"minecraft:mob_kills":22,"minecraft:interact_with_crafting_table":18,"minecraft:damage_dealt_resisted":298,"minecraft:leave_game":6,"minecraft:time_since_death":76451,"minecraft:climb_one_cm":60,"minecraft:sprint_one_cm":110886,"minecraft:walk_one_cm":112168,"minecraft:damage_blocked_by_shield":25,"minecraft:drop":39,"minecraft:play_time":115279,"minecraft:deaths":2,"minecraft:sneak_time":6333,"minecraft:walk_under_water_one_cm":17141,"minecraft:jump":1544,"minecraft:walk_on_water_one_cm":15478,"minecraft:total_world_time":115279,"minecraft:interact_with_furnace":37,"minecraft:time_since_rest":75666,"minecraft:damage_taken":1077,"tombstone:sneak_grave":1,"minecraft:damage_dealt":3717,"minecraft:swim_one_cm":49764,"minecraft:fly_one_cm":364853,"minecraft:open_chest":7,"minecraft:crouch_one_cm":17632,"tombstone:undead_killed":7,"minecraft:fall_one_cm":41371},"minecraft:killed":{"alexsmobs:lobster":1,"enemyexpansion:equestrian":1,"alexsmobs:leafcutter_ant":1,"ecologics:coconut_crab":1,"luminousworld:savannah_zombie":2,"born_in_chaos_v1:barrel_zombie":1,"minecraft:pig":3,"earthmobsmod:cream_cow":2,"luminousworld:crab":2,"luminousworld:savannah_skeleton":1,"born_in_chaos_v1:dread_hound":1,"enemyexpansion:huntsman":1,"born_in_chaos_v1:door_knight":1,"minecraft:cow":3},"minecraft:mined":{"iceandfire:silver_ore":2,"minecraft:granite":34,"minecraft:acacia_log":49,"minecraft:grass_block":2,"luminousworld:grassvariant_2":1,"minecraft:furnace":7,"minecraft:iron_ore":96,"minecraft:andesite":59,"minecraft:deepslate_iron_ore":3,"ecologics:walnut_log":4,"minecraft:stone":302,"minecraft:acacia_leaves":9,"minecraft:crafting_table":4,"minecraft:poppy":1,"minecraft:melon":10,"minecraft:tall_grass":3,"minecraft:cobblestone":18,"born_in_chaos_v1:chipped_black_argillite_brick":1,"minecraft:wall_torch":1,"ecologics:stripped_walnut_log":1,"minecraft:coarse_dirt":2,"born_in_chaos_v1:black_argillite_brick":1,"minecraft:grass":26,"minecraft:oak_log":7,"minecraft:coal_ore":41,"minecraft:sunflower":2,"minecraft:gravel":1,"minecraft:acacia_door":7,"minecraft:dirt":12,"minecraft:cobweb":1,"quark:crimson_chest":1,"minecraft:netherrack":40,"minecraft:oak_leaves":2,"minecraft:deepslate":1}},"DataVersion":3465}