{"stats":{"minecraft:broken":{"minecraft:iron_pickaxe":1},"minecraft:killed_by":{"born_in_chaos_v1:nightmare_stalker":1},"minecraft:used":{"minecraft:stone_pickaxe":15,"minecraft:shield":1,"minecraft:iron_sword":54,"minecraft:rotten_flesh":3,"minecraft:torch":21,"minecraft:crafting_table":5,"minecraft:oak_log":1,"born_in_chaos_v1:corpse_maggot":5,"minecraft:lava_bucket":1,"alexsmobs:lobster_tail":1,"minecraft:acacia_door":9,"minecraft:iron_axe":60,"minecraft:iron_pickaxe":548,"minecraft:gravel":1,"ecologics:walnut_planks":4,"minecraft:bow":1,"minecraft:cobblestone":132,"minecraft:beef":8,"minecraft:furnace":7,"minecraft:bucket":2,"minecraft:andesite":50,"born_in_chaos_v1:wood_splitter_axe":23,"tombstone:gift":3,"alexsmobs:animal_dictionary":1,"minecraft:cooked_beef":3},"minecraft:picked_up":{"minecraft:birch_log":1,"ecologics:walnut_planks":5,"born_in_chaos_v1:corpse_maggot":5,"minecraft:crafting_table":4,"minecraft:coarse_dirt":1,"born_in_chaos_v1:monster_flesh":1,"minecraft:andesite":57,"minecraft:leather":4,"minecraft:oak_log":8,"minecraft:dirt":5,"minecraft:acacia_door":8,"minecraft:bone":1,"minecraft:acacia_planks":30,"minecraft:bow":1,"minecraft:wheat_seeds":2,"minecraft:cobbled_deepslate":1,"minecraft:iron_ingot":11,"minecraft:beef":11,"minecraft:iron_pickaxe":1,"minecraft:iron_sword":1,"minecraft:acacia_sapling":1,"minecraft:furnace":7,"minecraft:raw_iron":143,"ecologics:walnut_log":4,"ecologics:coconut_slice":2,"minecraft:torch":19,"minecraft:acacia_log":48,"minecraft:gravel":1,"minecraft:porkchop":8,"minecraft:arrow":6,"minecraft:rotten_flesh":5,"born_in_chaos_v1:wood_splitter_axe":1,"minecraft:granite":20,"supplementaries:ash":2,"minecraft:netherrack":40,"minecraft:coal":107,"alexsmobs:lobster_tail":1,"iceandfire:raw_silver":2,"minecraft:cobblestone":292},"minecraft:crafted":{"minecraft:cooked_beef":3,"minecraft:oak_planks":28,"minecraft:cooked_porkchop":8,"iceandfire:silver_ingot":2,"minecraft:crafting_table":6,"ecologics:walnut_planks":16,"minecraft:iron_helmet":1,"minecraft:iron_sword":1,"minecraft:furnace":3,"minecraft:bucket":1,"minecraft:air":0,"minecraft:iron_chestplate":1,"minecraft:iron_boots":1,"minecraft:shield":1,"minecraft:iron_axe":1,"minecraft:stick":32,"minecraft:iron_ingot":46,"minecraft:iron_pickaxe":2,"minecraft:stone_pickaxe":1,"minecraft:acacia_door":3,"minecraft:iron_leggings":1,"minecraft:acacia_planks":192,"minecraft:torch":16},"minecraft:dropped":{"minecraft:wheat_seeds":2,"minecraft:coarse_dirt":1,"minecraft:cobbled_deepslate":1,"minecraft:granite":2,"minecraft:dirt":5,"supplementaries:ash":2,"minecraft:acacia_sapling":1,"minecraft:iron_axe":1,"minecraft:stone_pickaxe":1,"minecraft:iron_pickaxe":1,"minecraft:birch_log":1,"minecraft:bone":1},"minecraft:custom":{"minecraft:interact_with_furnace":37,"minecraft:mob_kills":18,"minecraft:interact_with_crafting_table":18,"minecraft:damage_dealt_resisted":298,"minecraft:leave_game":5,"minecraft:time_since_death":65285,"minecraft:time_since_rest":64500,"minecraft:sprint_one_cm":72586,"minecraft:damage_taken":985,"minecraft:walk_one_cm":91422,"minecraft:damage_blocked_by_shield":25,"tombstone:sneak_grave":1,"minecraft:drop":16,"minecraft:damage_dealt":2623,"minecraft:swim_one_cm":38968,"minecraft:fly_one_cm":224379,"minecraft:crouch_one_cm":16162,"minecraft:play_time":104113,"tombstone:undead_killed":4,"minecraft:deaths":2,"minecraft:sneak_time":5822,"minecraft:walk_under_water_one_cm":16324,"minecraft:jump":1074,"minecraft:walk_on_water_one_cm":12527,"minecraft:total_world_time":104113,"minecraft:fall_one_cm":28030},"minecraft:killed":{"alexsmobs:lobster":1,"minecraft:pig":3,"earthmobsmod:cream_cow":2,"luminousworld:crab":2,"luminousworld:savannah_skeleton":1,"born_in_chaos_v1:dread_hound":1,"ecologics:coconut_crab":1,"born_in_chaos_v1:door_knight":1,"luminousworld:savannah_zombie":2,"minecraft:cow":3},"minecraft:mined":{"minecraft:acacia_leaves":9,"iceandfire:silver_ore":2,"minecraft:crafting_table":4,"minecraft:granite":20,"minecraft:acacia_log":49,"minecraft:grass_block":1,"minecraft:poppy":1,"luminousworld:grassvariant_2":1,"minecraft:tall_grass":2,"minecraft:cobblestone":18,"minecraft:wall_torch":1,"ecologics:stripped_walnut_log":1,"minecraft:coarse_dirt":1,"minecraft:furnace":7,"minecraft:iron_ore":96,"minecraft:andesite":57,"minecraft:grass":23,"minecraft:sunflower":1,"minecraft:oak_log":7,"minecraft:coal_ore":41,"minecraft:deepslate_iron_ore":3,"minecraft:gravel":1,"minecraft:acacia_door":6,"minecraft:dirt":4,"minecraft:cobweb":1,"ecologics:walnut_log":4,"minecraft:stone":274,"minecraft:netherrack":40,"minecraft:oak_leaves":2,"minecraft:deepslate":1}},"DataVersion":3465}