{"stats":{"minecraft:broken":{"minecraft:iron_pickaxe":1},"minecraft:killed_by":{"born_in_chaos_v1:nightmare_stalker":1},"minecraft:used":{"minecraft:stone_pickaxe":15,"minecraft:shield":1,"minecraft:iron_sword":42,"minecraft:rotten_flesh":3,"minecraft:torch":19,"minecraft:crafting_table":4,"minecraft:oak_log":1,"born_in_chaos_v1:corpse_maggot":5,"alexsmobs:lobster_tail":1,"minecraft:acacia_door":6,"minecraft:iron_axe":60,"minecraft:iron_pickaxe":474,"minecraft:gravel":1,"minecraft:cobblestone":125,"minecraft:bow":1,"minecraft:furnace":4,"minecraft:andesite":15,"minecraft:bucket":1,"born_in_chaos_v1:wood_splitter_axe":1,"tombstone:gift":3,"alexsmobs:animal_dictionary":1},"minecraft:crafted":{"minecraft:oak_planks":28,"minecraft:crafting_table":6,"minecraft:iron_helmet":1,"minecraft:iron_sword":1,"minecraft:furnace":2,"minecraft:bucket":1,"minecraft:air":0,"minecraft:iron_boots":1,"minecraft:iron_chestplate":1,"minecraft:shield":1,"minecraft:iron_axe":1,"minecraft:stick":32,"minecraft:iron_ingot":46,"minecraft:iron_pickaxe":2,"minecraft:stone_pickaxe":1,"minecraft:acacia_door":3,"minecraft:iron_leggings":1,"minecraft:acacia_planks":160,"minecraft:torch":16},"minecraft:picked_up":{"minecraft:birch_log":1,"born_in_chaos_v1:corpse_maggot":5,"minecraft:crafting_table":3,"minecraft:coarse_dirt":1,"born_in_chaos_v1:monster_flesh":1,"minecraft:andesite":53,"minecraft:leather":4,"minecraft:oak_log":8,"minecraft:dirt":1,"minecraft:acacia_door":6,"minecraft:bone":1,"minecraft:bow":1,"minecraft:wheat_seeds":1,"minecraft:cobbled_deepslate":1,"minecraft:beef":5,"minecraft:iron_ingot":2,"minecraft:iron_pickaxe":1,"minecraft:iron_sword":1,"minecraft:acacia_sapling":1,"minecraft:furnace":4,"minecraft:raw_iron":99,"ecologics:coconut_slice":2,"minecraft:torch":17,"minecraft:acacia_log":40,"minecraft:gravel":1,"minecraft:arrow":6,"minecraft:rotten_flesh":5,"born_in_chaos_v1:wood_splitter_axe":1,"minecraft:granite":2,"supplementaries:ash":2,"minecraft:netherrack":40,"minecraft:coal":107,"alexsmobs:lobster_tail":1,"minecraft:cobblestone":246},"minecraft:dropped":{"minecraft:wheat_seeds":1,"minecraft:coarse_dirt":1,"minecraft:cobbled_deepslate":1,"minecraft:granite":2,"minecraft:dirt":1,"supplementaries:ash":1,"minecraft:acacia_sapling":1,"minecraft:iron_axe":1,"minecraft:stone_pickaxe":1,"minecraft:iron_pickaxe":1,"minecraft:bone":1},"minecraft:custom":{"minecraft:interact_with_furnace":28,"minecraft:mob_kills":12,"minecraft:interact_with_crafting_table":14,"minecraft:damage_dealt_resisted":298,"minecraft:leave_game":2,"minecraft:time_since_death":36952,"minecraft:time_since_rest":36167,"minecraft:sprint_one_cm":49963,"minecraft:damage_taken":689,"minecraft:walk_one_cm":74338,"minecraft:damage_blocked_by_shield":25,"tombstone:sneak_grave":1,"minecraft:drop":12,"minecraft:damage_dealt":2023,"minecraft:swim_one_cm":27342,"minecraft:fly_one_cm":153494,"minecraft:crouch_one_cm":16131,"minecraft:play_time":75780,"tombstone:undead_killed":4,"minecraft:deaths":2,"minecraft:sneak_time":5766,"minecraft:walk_under_water_one_cm":10717,"minecraft:jump":767,"minecraft:walk_on_water_one_cm":11409,"minecraft:total_world_time":75780,"minecraft:fall_one_cm":19508},"minecraft:killed":{"alexsmobs:lobster":1,"earthmobsmod:cream_cow":2,"luminousworld:crab":2,"luminousworld:savannah_skeleton":1,"born_in_chaos_v1:dread_hound":1,"ecologics:coconut_crab":1,"born_in_chaos_v1:door_knight":1,"luminousworld:savannah_zombie":2},"minecraft:mined":{"minecraft:acacia_leaves":9,"minecraft:crafting_table":3,"minecraft:granite":2,"minecraft:acacia_log":41,"minecraft:poppy":1,"luminousworld:grassvariant_2":1,"minecraft:tall_grass":1,"minecraft:cobblestone":16,"minecraft:wall_torch":1,"minecraft:coarse_dirt":1,"minecraft:furnace":4,"minecraft:iron_ore":96,"minecraft:andesite":53,"minecraft:grass":20,"minecraft:oak_log":7,"minecraft:coal_ore":41,"minecraft:deepslate_iron_ore":3,"minecraft:gravel":1,"minecraft:acacia_door":4,"minecraft:dirt":1,"minecraft:stone":230,"minecraft:netherrack":40,"minecraft:oak_leaves":1,"minecraft:deepslate":1}},"DataVersion":3465}