{"stats":{"minecraft:broken":{"minecraft:iron_pickaxe":1},"minecraft:killed_by":{"born_in_chaos_v1:nightmare_stalker":1},"minecraft:used":{"minecraft:stone_pickaxe":15,"minecraft:shield":1,"minecraft:iron_sword":50,"minecraft:rotten_flesh":3,"minecraft:torch":21,"minecraft:crafting_table":4,"minecraft:oak_log":1,"born_in_chaos_v1:corpse_maggot":5,"minecraft:lava_bucket":1,"alexsmobs:lobster_tail":1,"minecraft:acacia_door":7,"minecraft:iron_axe":60,"minecraft:iron_pickaxe":540,"minecraft:gravel":1,"minecraft:bow":1,"minecraft:cobblestone":132,"minecraft:beef":6,"minecraft:furnace":4,"minecraft:bucket":2,"minecraft:andesite":37,"born_in_chaos_v1:wood_splitter_axe":14,"tombstone:gift":3,"alexsmobs:animal_dictionary":1},"minecraft:crafted":{"minecraft:oak_planks":28,"minecraft:crafting_table":6,"minecraft:iron_helmet":1,"minecraft:iron_sword":1,"minecraft:furnace":2,"minecraft:bucket":1,"minecraft:air":0,"minecraft:iron_chestplate":1,"minecraft:iron_boots":1,"minecraft:shield":1,"minecraft:iron_axe":1,"minecraft:stick":32,"minecraft:iron_ingot":46,"minecraft:iron_pickaxe":2,"minecraft:stone_pickaxe":1,"minecraft:acacia_door":3,"minecraft:iron_leggings":1,"minecraft:acacia_planks":160,"minecraft:torch":16},"minecraft:picked_up":{"minecraft:birch_log":1,"born_in_chaos_v1:corpse_maggot":5,"minecraft:crafting_table":3,"minecraft:coarse_dirt":1,"born_in_chaos_v1:monster_flesh":1,"minecraft:andesite":53,"minecraft:leather":4,"minecraft:oak_log":8,"minecraft:dirt":5,"minecraft:acacia_door":7,"minecraft:bone":1,"minecraft:bow":1,"minecraft:wheat_seeds":2,"minecraft:cobbled_deepslate":1,"minecraft:iron_ingot":2,"minecraft:beef":11,"minecraft:iron_pickaxe":1,"minecraft:iron_sword":1,"minecraft:acacia_sapling":1,"minecraft:furnace":4,"minecraft:raw_iron":99,"ecologics:coconut_slice":2,"minecraft:torch":19,"minecraft:acacia_log":48,"minecraft:gravel":1,"minecraft:porkchop":8,"minecraft:arrow":6,"minecraft:rotten_flesh":5,"born_in_chaos_v1:wood_splitter_axe":1,"minecraft:granite":20,"supplementaries:ash":2,"iceandfire:raw_silver":2,"minecraft:netherrack":40,"minecraft:coal":107,"alexsmobs:lobster_tail":1,"minecraft:cobblestone":291},"minecraft:dropped":{"minecraft:wheat_seeds":2,"minecraft:coarse_dirt":1,"minecraft:cobbled_deepslate":1,"minecraft:granite":2,"minecraft:dirt":1,"supplementaries:ash":1,"minecraft:acacia_sapling":1,"minecraft:iron_axe":1,"minecraft:stone_pickaxe":1,"minecraft:iron_pickaxe":1,"minecraft:bone":1},"minecraft:custom":{"minecraft:interact_with_furnace":28,"minecraft:mob_kills":18,"minecraft:interact_with_crafting_table":15,"minecraft:damage_dealt_resisted":298,"minecraft:leave_game":4,"minecraft:time_since_death":57606,"minecraft:time_since_rest":56821,"minecraft:sprint_one_cm":58273,"minecraft:damage_taken":806,"minecraft:walk_one_cm":82300,"minecraft:damage_blocked_by_shield":25,"tombstone:sneak_grave":1,"minecraft:drop":13,"minecraft:damage_dealt":2623,"minecraft:swim_one_cm":33942,"minecraft:fly_one_cm":174867,"minecraft:crouch_one_cm":16158,"minecraft:play_time":96434,"tombstone:undead_killed":4,"minecraft:deaths":2,"minecraft:sneak_time":5800,"minecraft:walk_under_water_one_cm":14108,"minecraft:jump":912,"minecraft:walk_on_water_one_cm":11797,"minecraft:total_world_time":96434,"minecraft:fall_one_cm":21981},"minecraft:killed":{"alexsmobs:lobster":1,"minecraft:pig":3,"earthmobsmod:cream_cow":2,"luminousworld:crab":2,"luminousworld:savannah_skeleton":1,"born_in_chaos_v1:dread_hound":1,"ecologics:coconut_crab":1,"born_in_chaos_v1:door_knight":1,"luminousworld:savannah_zombie":2,"minecraft:cow":3},"minecraft:mined":{"minecraft:acacia_leaves":9,"iceandfire:silver_ore":2,"minecraft:crafting_table":3,"minecraft:granite":20,"minecraft:acacia_log":49,"minecraft:grass_block":1,"minecraft:poppy":1,"luminousworld:grassvariant_2":1,"minecraft:tall_grass":1,"minecraft:cobblestone":18,"minecraft:wall_torch":1,"minecraft:coarse_dirt":1,"minecraft:furnace":4,"minecraft:iron_ore":96,"minecraft:andesite":53,"minecraft:grass":21,"minecraft:oak_log":7,"minecraft:coal_ore":41,"minecraft:deepslate_iron_ore":3,"minecraft:acacia_door":5,"minecraft:gravel":1,"minecraft:dirt":4,"minecraft:stone":273,"minecraft:netherrack":40,"minecraft:oak_leaves":2,"minecraft:deepslate":1}},"DataVersion":3465}